Density,Temp,Energy,HeatCapCv,Pressure
5.000000e-01,1.042399e-01,-6.095405e+00,4.554902e+00,-3.207712e-01
5.000000e-01,1.048604e-01,-6.095667e+00,2.074885e+00,-3.314630e-01
5.000000e-01,1.033125e-01,-6.095299e+00,1.034458e+01,-3.308125e-01
5.000000e-01,1.049533e-01,-6.096369e+00,4.819725e+00,-3.080500e-01
5.000000e-01,1.049848e-01,-6.094965e+00,4.168696e+00,-3.411568e-01
5.000000e-01,1.491169e-01,-5.990414e+00,2.159057e+00,-2.539482e-01
5.000000e-01,1.491317e-01,-5.990729e+00,4.121629e+00,-2.601931e-01
5.000000e-01,1.510419e-01,-5.995610e+00,3.224061e+00,-1.739866e-01
5.000000e-01,1.495145e-01,-5.992234e+00,3.416247e+00,-2.314956e-01
5.000000e-01,1.520285e-01,-5.995500e+00,2.734320e+00,-1.978446e-01
5.000000e-01,2.043595e-01,-5.854942e+00,2.100917e+00,-2.605568e-01
5.000000e-01,2.079198e-01,-5.858551e+00,2.474043e+00,-2.181624e-01
5.000000e-01,2.038962e-01,-5.856170e+00,2.646342e+00,-2.535585e-01
5.000000e-01,2.057107e-01,-5.856460e+00,3.526889e+00,-2.416941e-01
5.000000e-01,2.029283e-01,-5.855328e+00,2.060790e+00,-2.480889e-01
5.000000e-01,2.627160e-01,-5.658784e+00,1.975486e+00,-1.530041e-01
5.000000e-01,2.623181e-01,-5.659651e+00,4.652521e+00,-1.546155e-01
5.000000e-01,2.582233e-01,-5.661269e+00,2.145103e+00,-1.087234e-01
5.000000e-01,2.580823e-01,-5.661988e+00,2.739276e+00,-1.219744e-01
5.000000e-01,2.558052e-01,-5.656853e+00,5.861700e+00,-1.888635e-01
5.000000e-01,3.089033e-01,-5.404242e+00,2.725679e+00,-1.709563e-01
5.000000e-01,3.079590e-01,-5.402958e+00,4.126088e+00,-1.982622e-01
5.000000e-01,3.013230e-01,-5.399190e+00,2.059291e+00,-2.283449e-01
5.000000e-01,3.073601e-01,-5.405551e+00,2.502297e+00,-1.176109e-01
5.000000e-01,3.025101e-01,-5.399089e+00,2.699401e+00,-2.251965e-01
5.000000e-01,3.573141e-01,-5.217368e+00,2.833226e+00,-2.204176e-01
5.000000e-01,3.528161e-01,-5.218228e+00,6.440549e+00,-1.858180e-01
5.000000e-01,3.586711e-01,-5.216464e+00,1.918212e+00,-2.291682e-01
5.000000e-01,3.573470e-01,-5.220637e+00,3.475784e+00,-1.389502e-01
5.000000e-01,3.452741e-01,-5.213539e+00,3.663052e+00,-2.332597e-01
5.000000e-01,4.221512e-01,-4.876417e+00,2.253787e+00,-1.038044e-01
5.000000e-01,4.007740e-01,-4.864249e+00,2.492474e+00,-2.319190e-01
5.000000e-01,4.087210e-01,-4.870430e+00,2.417023e+00,-1.575257e-01
5.000000e-01,4.112235e-01,-4.869903e+00,2.146524e+00,-1.371895e-01
5.000000e-01,4.134691e-01,-4.870884e+00,3.400950e+00,-1.325430e-01
5.000000e-01,4.635419e-01,-4.696886e+00,2.938005e+00,-6.133447e-02
5.000000e-01,4.502662e-01,-4.688402e+00,2.211008e+00,-1.768991e-01
5.000000e-01,4.670367e-01,-4.696946e+00,2.829702e+00,-1.163337e-01
5.000000e-01,4.568999e-01,-4.695693e+00,2.476509e+00,-8.841208e-02
5.000000e-01,4.506084e-01,-4.692343e+00,3.409981e+00,-1.273183e-01
5.000000e-01,5.068152e-01,-4.231911e+00,1.805116e+00,-1.760699e-01
5.000000e-01,4.973433e-01,-4.226630e+00,2.196110e+00,-2.682059e-01
5.000000e-01,5.084883e-01,-4.231516e+00,-2.142872e+01,-2.175020e-01
5.000000e-01,5.264307e-01,-4.242131e+00,2.601158e+00,-8.354952e-02
5.000000e-01,5.038624e-01,-4.225974e+00,4.347027e+00,-2.773090e-01
5.000000e-01,5.566759e-01,-4.051297e+00,2.378129e+00,-9.876406e-02
5.000000e-01,5.571022e-01,-4.054325e+00,2.276145e+00,-7.894166e-02
5.000000e-01,5.452678e-01,-4.048469e+00,2.002405e+00,-1.382031e-01
5.000000e-01,5.327876e-01,-4.042065e+00,2.140728e+00,-1.880218e-01
5.000000e-01,5.487137e-01,-4.044186e+00,1.919481e+00,-2.011095e-01
5.000000e-01,6.151877e-01,-3.568388e+00,2.135276e+00,-1.690963e-01
5.000000e-01,6.210712e-01,-3.571824e+00,1.824396e+00,-1.901313e-01
5.000000e-01,6.311332e-01,-3.579478e+00,2.316416e+00,-9.999970e-02
5.000000e-01,5.962236e-01,-3.560784e+00,2.331525e+00,-2.243878e-01
5.000000e-01,6.078171e-01,-3.567826e+00,3.049084e+00,-1.311729e-01
5.000000e-01,6.498752e-01,-3.327445e+00,2.194325e+00,-1.211981e-01
5.000000e-01,6.455605e-01,-3.319227e+00,2.057204e+00,-1.918100e-01
5.000000e-01,6.437506e-01,-3.319439e+00,1.954078e+00,-1.814797e-01
5.000000e-01,6.347219e-01,-3.315557e+00,2.057560e+00,-2.069807e-01
5.000000e-01,6.610435e-01,-3.329019e+00,4.459782e+00,-7.634472e-02
5.000000e-01,7.173608e-01,-3.112680e+00,1.860578e+00,-7.573331e-02
5.000000e-01,6.967396e-01,-3.105314e+00,2.225625e+00,-1.155448e-01
5.000000e-01,7.087126e-01,-3.113587e+00,1.921663e+00,-5.823616e-02
5.000000e-01,7.193784e-01,-3.118503e+00,1.820531e+00,-7.571419e-02
5.000000e-01,7.070186e-01,-3.111619e+00,1.946383e+00,-1.120171e-01
5.000000e-01,7.697136e-01,-2.764879e+00,1.865967e+00,-1.211588e-02
5.000000e-01,7.518649e-01,-2.755975e+00,1.859974e+00,-1.070359e-01
5.000000e-01,7.321837e-01,-2.753622e+00,1.769306e+00,2.518131e-04
5.000000e-01,7.261217e-01,-2.744953e+00,2.064017e+00,-1.049965e-01
5.000000e-01,7.263077e-01,-2.739383e+00,1.953495e+00,-1.543918e-01
5.000000e-01,8.180492e-01,-2.384091e+00,1.845393e+00,-2.393869e-03
5.000000e-01,8.247536e-01,-2.388073e+00,2.130057e+00,1.676304e-02
5.000000e-01,7.988517e-01,-2.377323e+00,3.056369e+00,-9.543745e-02
5.000000e-01,8.170912e-01,-2.382913e+00,1.849126e+00,-5.209046e-02
5.000000e-01,7.862630e-01,-2.372527e+00,3.424757e+00,-1.344252e-01
5.000000e-01,8.762603e-01,-2.168201e+00,1.713493e+00,-1.586595e-02
5.000000e-01,8.647532e-01,-2.169094e+00,1.808561e+00,5.652283e-02
5.000000e-01,8.824547e-01,-2.173956e+00,1.915694e+00,5.100065e-02
5.000000e-01,8.786182e-01,-2.175393e+00,2.004633e+00,3.480429e-02
5.000000e-01,8.714783e-01,-2.173592e+00,1.930639e+00,1.785706e-02
5.000000e-01,9.522203e-01,-2.119906e+00,1.973456e+00,1.748208e-01
5.000000e-01,9.138920e-01,-2.104294e+00,1.817587e+01,5.441858e-02
5.000000e-01,8.878894e-01,-2.093160e+00,1.750645e+00,6.973633e-02
5.000000e-01,8.887958e-01,-2.088207e+00,2.009331e+00,-2.063471e-02
5.000000e-01,8.706000e-01,-2.090976e+00,1.726678e+00,-2.221457e-02
5.500000e-01,1.024179e-01,-6.135958e+00,1.999145e+00,-3.363473e-01
5.500000e-01,1.032832e-01,-6.136210e+00,3.922978e+00,-3.267206e-01
5.500000e-01,1.035236e-01,-6.136005e+00,2.863513e+00,-3.347282e-01
5.500000e-01,1.035969e-01,-6.136610e+00,2.796021e+00,-3.411128e-01
5.500000e-01,1.044103e-01,-6.139875e+00,2.424928e+00,-2.835242e-01
5.500000e-01,1.550271e-01,-6.023643e+00,2.029904e+00,-3.834955e-01
5.500000e-01,1.590604e-01,-6.028814e+00,7.710071e+00,-2.562191e-01
5.500000e-01,1.543010e-01,-6.025093e+00,3.173159e+00,-3.237261e-01
5.500000e-01,1.582693e-01,-6.024484e+00,2.537544e+00,-3.363799e-01
5.500000e-01,1.567633e-01,-6.026808e+00,1.995616e+00,-2.815310e-01
5.500000e-01,2.090842e-01,-5.997564e+00,2.703365e+01,-1.807277e-01
5.500000e-01,2.097253e-01,-5.998008e+00,2.529907e+00,-1.727367e-01
5.500000e-01,2.084487e-01,-5.993516e+00,4.623604e+00,-2.705059e-01
5.500000e-01,2.065281e-01,-5.994157e+00,2.647524e+00,-2.406107e-01
5.500000e-01,2.069749e-01,-5.993805e+00,3.263548e+00,-2.649751e-01
5.500000e-01,2.524727e-01,-5.652972e+00,3.523995e+00,-4.392748e-01
5.500000e-01,2.579202e-01,-5.657217e+00,3.902617e+00,-3.768785e-01
5.500000e-01,2.561043e-01,-5.657070e+00,3.829571e+00,-3.791196e-01
5.500000e-01,2.542137e-01,-5.656223e+00,2.496532e+00,-3.917020e-01
5.500000e-01,2.589552e-01,-5.660893e+00,3.822631e+00,-3.169343e-01
5.500000e-01,3.029491e-01,-5.437867e+00,1.951645e+00,-2.447908e-01
5.500000e-01,3.012378e-01,-5.437461e+00,1.922943e+00,-2.610241e-01
5.500000e-01,3.041701e-01,-5.439779e+00,2.395615e+00,-2.510677e-01
5.500000e-01,3.137980e-01,-5.444315e+00,3.798618e+00,-1.988373e-01
5.500000e-01,3.092632e-01,-5.439907e+00,3.345625e+00,-2.710632e-01
5.500000e-01,3.678258e-01,-5.273127e+00,7.217729e+00,-1.750446e-01
5.500000e-01,3.741620e-01,-5.275241e+00,2.340416e+00,-1.682585e-01
5.500000e-01,3.809505e-01,-5.283473e+00,2.601725e+00,-3.431243e-02
5.500000e-01,3.657785e-01,-5.270587e+00,4.024523e+00,-2.070682e-01
5.500000e-01,3.688663e-01,-5.274701e+00,4.556013e+00,-1.597956e-01
5.500000e-01,4.109971e-01,-4.974232e+00,2.503169e+00,-1.968410e-01
5.500000e-01,4.043442e-01,-4.972073e+00,1.816050e+00,-2.246787e-01
5.500000e-01,3.967648e-01,-4.967842e+00,3.874801e+00,-2.799282e-01
5.500000e-01,4.112568e-01,-4.970618e+00,3.866997e+00,-2.633413e-01
5.500000e-01,4.070606e-01,-4.969823e+00,1.798936e+00,-2.637203e-01
5.500000e-01,4.494582e-01,-4.668635e+00,2.044116e+00,-1.460680e-01
5.500000e-01,4.610377e-01,-4.671554e+00,2.316123e+00,-1.447624e-01
5.500000e-01,4.422661e-01,-4.658958e+00,2.932807e+00,-3.052283e-01
5.500000e-01,4.518463e-01,-4.667369e+00,2.217794e+00,-1.913235e-01
5.500000e-01,4.614612e-01,-4.669438e+00,3.746938e+00,-1.473540e-01
5.500000e-01,5.140112e-01,-4.304521e+00,2.554380e+00,-3.276923e-01
5.500000e-01,5.157765e-01,-4.303715e+00,2.031066e+00,-2.943715e-01
5.500000e-01,5.073109e-01,-4.303332e+00,2.830211e+00,-2.490370e-01
5.500000e-01,4.999697e-01,-4.296586e+00,1.988520e+00,-3.584154e-01
5.500000e-01,5.073831e-01,-4.305241e+00,2.584094e+00,-2.103222e-01
5.500000e-01,5.687441e-01,-4.027751e+00,3.335364e+00,-1.575921e-01
5.500000e-01,5.559856e-01,-4.021620e+00,2.846123e+00,-2.276779e-01
5.500000e-01,5.579467e-01,-4.025765e+00,2.067518e+00,-2.118312e-01
5.500000e-01,5.635478e-01,-4.027763e+00,2.003630e+00,-1.801145e-01
5.500000e-01,5.584461e-01,-4.024721e+00,2.145829e+00,-2.281850e-01
5.500000e-01,6.002651e-01,-3.851094e+00,2.552043e+00,-1.541475e-01
5.500000e-01,5.906109e-01,-3.844643e+00,2.888787e+00,-2.594729e-01
5.500000e-01,5.850862e-01,-3.842346e+00,2.337218e+00,-2.210941e-01
5.500000e-01,5.804233e-01,-3.841670e+00,1.948357e+00,-2.569120e-01
5.500000e-01,5.836877e-01,-3.849807e+00,3.606094e+00,-1.673666e-01
5.500000e-01,6.455336e-01,-3.542752e+00,1.790617e+00,-1.087549e-01
5.500000e-01,6.444319e-01,-3.537882e+00,2.445585e+00,-1.547816e-01
5.500000e-01,6.423599e-01,-3.534087e+00,1.716995e+00,-2.341101e-01
5.500000e-01,6.456297e-01,-3.540386e+00,2.631873e+00,-1.874530e-01
5.500000e-01,6.493471e-01,-3.540236e+00,1.966893e+00,-1.789007e-01
5.500000e-01,7.265995e-01,-3.117268e+00,3.592400e+00,-7.543634e-02
5.500000e-01,7.389941e-01,-3.119548e+00,2.181434e+00,-8.909067e-02
5.500000e-01,7.337089e-01,-3.115892e+00,1.864601e+00,-1.118278e-01
5.500000e-01,7.317184e-01,-3.114755e+00,1.943072e+00,-6.568307e-02
5.500000e-01,7.052963e-01,-3.104869e+00,2.885450e+00,-1.371411e-01
5.500000e-01,7.876334e-01,-2.650746e+00,2.112727e+00,-5.796961e-02
5.500000e-01,7.894728e-01,-2.651241e+00,1.816773e+00,-1.216894e-01
5.500000e-01,7.911642e-01,-2.651812e+00,1.957273e+00,-1.249020e-01
5.500000e-01,8.045145e-01,-2.656183e+00,2.445274e+00,-7.645657e-02
5.500000e-01,8.098943e-01,-2.661127e+00,1.735453e+00,-3.915489e-02
5.500000e-01,8.299210e-01,-2.627092e+00,1.753631e+00,1.991785e-02
5.500000e-01,8.299955e-01,-2.627419e+00,3.195842e+00,-2.336891e-02
5.500000e-01,8.073073e-01,-2.617818e+00,1.821749e+00,-8.634514e-02
5.500000e-01,7.914651e-01,-2.612706e+00,2.470644e+00,-1.173488e-01
5.500000e-01,7.947467e-01,-2.612735e+00,1.777055e+00,-1.069323e-01
5.500000e-01,8.361921e-01,-2.528424e+00,1.844343e+00,5.165885e-02
5.500000e-01,8.350129e-01,-2.521466e+00,3.406233e+00,-1.639190e-02
5.500000e-01,8.257124e-01,-2.520486e+00,1.768069e+00,-7.292147e-02
5.500000e-01,8.330138e-01,-2.524015e+00,2.358912e+00,-6.029822e-02
5.500000e-01,8.359081e-01,-2.527814e+00,1.736378e+00,-2.973975e-02
5.500000e-01,8.640042e-01,-2.429365e+00,1.826044e+00,6.459589e-02
5.500000e-01,8.763976e-01,-2.428950e+00,2.109309e+00,4.527403e-02
5.500000e-01,8.726523e-01,-2.426793e+00,1.835777e+00,5.770947e-03
5.500000e-01,8.770988e-01,-2.427655e+00,1.951596e+00,3.254984e-02
5.500000e-01,8.889222e-01,-2.432092e+00,1.853393e+00,4.795438e-02
6.000000e-01,1.023980e-01,-6.260381e+00,2.754448e+00,-4.381373e-01
6.000000e-01,1.024261e-01,-6.258253e+00,2.438420e+00,-4.805197e-01
6.000000e-01,1.028898e-01,-6.260575e+00,2.589057e+00,-4.208398e-01
6.000000e-01,1.025680e-01,-6.258145e+00,1.692304e+00,-4.858628e-01
6.000000e-01,1.037660e-01,-6.261792e+00,2.721601e+00,-4.156183e-01
6.000000e-01,1.530341e-01,-6.507424e+00,2.476738e+00,-2.825853e-01
6.000000e-01,1.546328e-01,-6.508512e+00,5.225699e+00,-2.436673e-01
6.000000e-01,1.534140e-01,-6.506657e+00,2.236725e+00,-3.012616e-01
6.000000e-01,1.537903e-01,-6.507690e+00,2.501259e+00,-2.676085e-01
6.000000e-01,1.552611e-01,-6.511018e+00,5.666418e+01,-2.023095e-01
6.000000e-01,2.035129e-01,-6.003439e+00,1.949978e+00,-3.873868e-01
6.000000e-01,2.051994e-01,-6.004055e+00,2.847827e+00,-4.047569e-01
6.000000e-01,2.059529e-01,-6.003726e+00,8.556541e+00,-4.008507e-01
6.000000e-01,2.019602e-01,-6.000680e+00,3.793712e+00,-4.456224e-01
6.000000e-01,2.023068e-01,-6.000480e+00,5.274818e+00,-4.315920e-01
6.000000e-01,2.528039e-01,-5.806530e+00,2.301489e+00,-4.883415e-01
6.000000e-01,2.580592e-01,-5.810195e+00,4.159509e+00,-4.113137e-01
6.000000e-01,2.592625e-01,-5.810236e+00,2.846478e+00,-4.391144e-01
6.000000e-01,2.562221e-01,-5.810459e+00,3.392518e+00,-4.068799e-01
6.000000e-01,2.575535e-01,-5.809921e+00,7.315367e+00,-4.280276e-01
6.000000e-01,3.143965e-01,-5.563217e+00,2.408058e+00,-3.613954e-01
6.000000e-01,3.143505e-01,-5.564799e+00,3.777174e+00,-3.489636e-01
6.000000e-01,3.196573e-01,-5.566831e+00,2.512437e+00,-3.328866e-01
6.000000e-01,3.087789e-01,-5.564812e+00,2.690530e+00,-3.654698e-01
6.000000e-01,3.120369e-01,-5.567492e+00,2.604165e+00,-2.868850e-01
6.000000e-01,3.605897e-01,-5.318160e+00,5.053174e+00,-3.562833e-01
6.000000e-01,3.645456e-01,-5.320607e+00,4.711573e+00,-2.957873e-01
6.000000e-01,3.594344e-01,-5.316963e+00,3.307039e+00,-3.745875e-01
6.000000e-01,3.522740e-01,-5.314887e+00,2.580266e+00,-4.074428e-01
6.000000e-01,3.490317e-01,-5.310811e+00,2.217650e+00,-4.806639e-01
6.000000e-01,4.047426e-01,-4.969773e+00,3.233328e+00,-2.913239e-01
6.000000e-01,4.140213e-01,-4.975057e+00,1.979229e+00,-2.439551e-01
6.000000e-01,4.284415e-01,-4.980607e+00,3.327974e+00,-1.955131e-01
6.000000e-01,4.185082e-01,-4.972520e+00,3.139137e+00,-3.568765e-01
6.000000e-01,4.192779e-01,-4.973255e+00,2.217742e+00,-3.566235e-01
6.000000e-01,4.553568e-01,-4.737782e+00,3.945026e+00,-2.658951e-01
6.000000e-01,4.506478e-01,-4.731726e+00,4.577621e+00,-3.813501e-01
6.000000e-01,4.616773e-01,-4.742000e+00,1.861424e+00,-2.387026e-01
6.000000e-01,4.583675e-01,-4.738293e+00,4.120039e+00,-3.493839e-01
6.000000e-01,4.603421e-01,-4.743194e+00,2.225975e+00,-1.917565e-01
6.000000e-01,4.955718e-01,-4.512890e+00,4.952571e+00,-2.765665e-01
6.000000e-01,4.845104e-01,-4.505262e+00,2.860292e+00,-3.769835e-01
6.000000e-01,4.934858e-01,-4.512749e+00,2.398109e+00,-2.281953e-01
6.000000e-01,4.918859e-01,-4.505710e+00,2.120773e+00,-3.604463e-01
6.000000e-01,4.968040e-01,-4.510698e+00,2.882954e+00,-2.537048e-01
6.000000e-01,5.869105e-01,-3.969365e+00,2.177456e+00,-3.098431e-01
6.000000e-01,5.860978e-01,-3.973003e+00,2.075868e+00,-2.618844e-01
6.000000e-01,5.842026e-01,-3.967262e+00,2.167807e+00,-3.361743e-01
6.000000e-01,5.702920e-01,-3.965517e+00,2.133258e+00,-3.347295e-01
6.000000e-01,5.785050e-01,-3.964358e+00,2.070902e+00,-3.003521e-01
6.000000e-01,6.144654e-01,-3.715278e+00,1.863369e+00,-3.348805e-01
6.000000e-01,6.397297e-01,-3.731896e+00,2.638012e+00,-1.582209e-01
6.000000e-01,6.481099e-01,-3.737453e+00,2.268817e+00,-9.404446e-02
6.000000e-01,6.725114e-01,-3.745043e+00,2.367160e+00,-6.860533e-02
6.000000e-01,6.627139e-01,-3.741066e+00,4.146032e+00,-1.246241e-01
6.000000e-01,6.894053e-01,-3.533655e+00,2.278781e+00,-1.150197e-01
6.000000e-01,7.010929e-01,-3.540439e+00,1.757063e+00,-7.295993e-02
6.000000e-01,6.849536e-01,-3.531114e+00,2.227972e+00,-1.115290e-01
6.000000e-01,6.754572e-01,-3.524398e+00,2.234847e+00,-1.682479e-01
6.000000e-01,6.698596e-01,-3.525350e+00,1.780345e+00,-1.321941e-01
6.000000e-01,7.359963e-01,-3.196151e+00,2.414666e+00,-9.016302e-02
6.000000e-01,7.274626e-01,-3.191356e+00,2.911833e+00,-1.667212e-01
6.000000e-01,7.198834e-01,-3.191562e+00,1.773170e+00,-1.477562e-01
6.000000e-01,7.250990e-01,-3.189871e+00,2.055134e+00,-1.829867e-01
6.000000e-01,7.304650e-01,-3.188380e+00,2.313124e+00,-1.835861e-01
6.000000e-01,7.165681e-01,-3.092927e+00,1.876708e+00,-2.348252e-01
6.000000e-01,7.306998e-01,-3.096157e+00,1.922570e+00,-1.742852e-01
6.000000e-01,7.328402e-01,-3.097158e+00,1.967554e+00,-1.913692e-01
6.000000e-01,7.242498e-01,-3.093771e+00,2.786501e+00,-2.201278e-01
6.000000e-01,7.260933e-01,-3.093081e+00,1.986093e+00,-2.842443e-01
6.000000e-01,8.035099e-01,-2.888640e+00,2.108063e+00,-3.399547e-02
6.000000e-01,8.007062e-01,-2.887986e+00,2.092852e+00,-7.032775e-02
6.000000e-01,7.976401e-01,-2.888845e+00,1.954846e+00,4.018315e-03
6.000000e-01,8.137391e-01,-2.890331e+00,2.381359e+00,-9.525200e-02
6.000000e-01,8.096945e-01,-2.889429e+00,2.139679e+00,-8.130645e-02
6.000000e-01,8.423668e-01,-2.801411e+00,2.019009e+00,4.621528e-02
6.000000e-01,8.434683e-01,-2.800519e+00,1.957409e+00,1.521943e-02
6.000000e-01,8.722239e-01,-2.809617e+00,2.120695e+00,7.057109e-02
6.000000e-01,8.633255e-01,-2.809342e+00,2.495934e+00,1.388736e-01
6.000000e-01,8.555412e-01,-2.803605e+00,2.176972e+00,-2.332378e-02
6.000000e-01,8.927014e-01,-2.715444e+00,1.960548e+00,1.461821e-01
6.000000e-01,8.940140e-01,-2.715878e+00,2.742300e+00,1.116917e-01
6.000000e-01,8.925997e-01,-2.714897e+00,2.544266e+00,1.475231e-01
6.000000e-01,8.832681e-01,-2.712819e+00,1.771124e+00,9.342868e-02
6.000000e-01,8.881905e-01,-2.712870e+00,1.878144e+00,7.902917e-02
6.500000e-01,9.905151e-02,-6.458713e+00,1.199296e+01,-5.993175e-01
6.500000e-01,1.001865e-01,-6.459733e+00,2.890375e+00,-5.653814e-01
6.500000e-01,9.930302e-02,-6.459105e+00,1.815154e+00,-5.891118e-01
6.500000e-01,9.911112e-02,-6.459690e+00,2.880740e+00,-5.924807e-01
6.500000e-01,9.759961e-02,-6.457460e+00,2.663340e+00,-6.623584e-01
6.500000e-01,1.456622e-01,-6.433762e+00,2.490686e+00,-9.685168e-01
6.500000e-01,1.458492e-01,-6.434947e+00,3.243285e+00,-9.479120e-01
6.500000e-01,1.450448e-01,-6.435705e+00,3.741722e+00,-9.278886e-01
6.500000e-01,1.465200e-01,-6.434576e+00,2.637096e+00,-9.592310e-01
6.500000e-01,1.458170e-01,-6.434635e+00,2.663237e+00,-9.498137e-01
6.500000e-01,1.981552e-01,-6.127513e+00,2.629102e+00,-4.009777e-01
6.500000e-01,1.996628e-01,-6.130067e+00,2.687853e+00,-3.639561e-01
6.500000e-01,1.992149e-01,-6.129289e+00,2.414650e+00,-3.590551e-01
6.500000e-01,1.995536e-01,-6.128539e+00,8.407024e+00,-3.754137e-01
6.500000e-01,1.997707e-01,-6.130039e+00,2.023129e+00,-3.399016e-01
6.500000e-01,2.478299e-01,-5.950628e+00,2.951596e+00,-4.289431e-01
6.500000e-01,2.525079e-01,-5.953594e+00,2.648098e+00,-3.671478e-01
6.500000e-01,2.529227e-01,-5.952057e+00,4.101789e+00,-3.554948e-01
6.500000e-01,2.559056e-01,-5.955026e+00,3.107813e+00,-3.068734e-01
6.500000e-01,2.477365e-01,-5.946327e+00,4.165526e+00,-4.823171e-01
6.500000e-01,3.075735e-01,-5.706689e+00,2.479721e+00,-4.090844e-01
6.500000e-01,3.109164e-01,-5.708597e+00,4.426975e+00,-3.808882e-01
6.500000e-01,3.010551e-01,-5.702964e+00,6.982354e+00,-4.721473e-01
6.500000e-01,3.016068e-01,-5.700424e+00,2.457361e+00,-5.299315e-01
6.500000e-01,3.016311e-01,-5.704686e+00,2.296643e+00,-4.530235e-01
6.500000e-01,3.557548e-01,-5.433989e+00,4.003788e+00,-3.733755e-01
6.500000e-01,3.476360e-01,-5.433590e+00,5.318583e+00,-3.260057e-01
6.500000e-01,3.431319e-01,-5.428271e+00,2.520951e+00,-4.474360e-01
6.500000e-01,3.512137e-01,-5.432572e+00,2.686575e+00,-4.072540e-01
6.500000e-01,3.506434e-01,-5.438009e+00,2.371062e+00,-2.231417e-01
6.500000e-01,4.157132e-01,-5.078444e+00,3.644931e+00,-3.843169e-01
6.500000e-01,4.134349e-01,-5.077983e+00,2.185671e+00,-3.760494e-01
6.500000e-01,4.155576e-01,-5.079510e+00,2.645410e+00,-3.359807e-01
6.500000e-01,4.155038e-01,-5.079195e+00,4.410372e+00,-4.128278e-01
6.500000e-01,4.107112e-01,-5.081323e+00,4.230160e+00,-3.144235e-01
6.500000e-01,4.306041e-01,-4.899326e+00,2.492179e+00,-4.146254e-01
6.500000e-01,4.375191e-01,-4.900197e+00,2.256275e+00,-4.138801e-01
6.500000e-01,4.545715e-01,-4.912520e+00,2.385689e+00,-2.144158e-01
6.500000e-01,4.315109e-01,-4.898173e+00,2.174249e+00,-3.984293e-01
6.500000e-01,4.222496e-01,-4.893261e+00,2.203542e+00,-4.462919e-01
6.500000e-01,5.062184e-01,-4.558561e+00,2.482298e+00,-3.183405e-01
6.500000e-01,5.120702e-01,-4.567131e+00,2.431238e+00,-1.460556e-01
6.500000e-01,5.129914e-01,-4.562556e+00,2.059378e+00,-2.799787e-01
6.500000e-01,4.947246e-01,-4.553901e+00,3.172438e+00,-3.855010e-01
6.500000e-01,5.014861e-01,-4.553215e+00,2.077991e+00,-4.051200e-01
6.500000e-01,5.644825e-01,-4.065029e+00,1.938749e+00,-3.983841e-01
6.500000e-01,5.488629e-01,-4.053004e+00,1.798530e+00,-5.883858e-01
6.500000e-01,5.647910e-01,-4.060569e+00,2.663033e+00,-4.798722e-01
6.500000e-01,5.780107e-01,-4.071614e+00,1.685295e+00,-3.518471e-01
6.500000e-01,5.761168e-01,-4.069789e+00,2.776957e+00,-4.487382e-01
6.500000e-01,6.286554e-01,-3.768201e+00,2.338571e+00,-3.423514e-01
6.500000e-01,6.134997e-01,-3.762046e+00,2.178668e+00,-3.991198e-01
6.500000e-01,6.109805e-01,-3.758827e+00,2.028700e+00,-4.217344e-01
6.500000e-01,6.114728e-01,-3.758161e+00,2.204287e+00,-5.110779e-01
6.500000e-01,6.270121e-01,-3.765384e+00,1.995497e+00,-3.828263e-01
6.500000e-01,6.826045e-01,-3.642725e+00,2.159435e+00,-2.136598e-01
6.500000e-01,6.713692e-01,-3.634230e+00,3.160631e+00,-3.064541e-01
6.500000e-01,6.473059e-01,-3.624787e+00,2.347603e+00,-3.186866e-01
6.500000e-01,6.554412e-01,-3.626496e+00,2.147543e+00,-3.548765e-01
6.500000e-01,6.628321e-01,-3.631835e+00,2.347424e+00,-2.717899e-01
6.500000e-01,6.614029e-01,-3.525608e+00,1.785093e+00,-4.020573e-01
6.500000e-01,6.782165e-01,-3.529388e+00,3.026132e+00,-3.178399e-01
6.500000e-01,6.736338e-01,-3.531276e+00,2.085675e+00,-2.356644e-01
6.500000e-01,6.803696e-01,-3.530636e+00,2.105072e+00,-3.377297e-01
6.500000e-01,6.759568e-01,-3.529550e+00,1.939228e+00,-3.531939e-01
6.500000e-01,7.264460e-01,-3.416993e+00,1.899905e+00,-1.641370e-01
6.500000e-01,7.203972e-01,-3.411646e+00,1.981431e+00,-2.482642e-01
6.500000e-01,7.332006e-01,-3.414624e+00,2.179553e+00,-2.149002e-01
6.500000e-01,7.361676e-01,-3.417041e+00,1.960361e+00,-1.784482e-01
6.500000e-01,7.290021e-01,-3.414075e+00,1.983888e+00,-3.104018e-01
6.500000e-01,7.664809e-01,-3.317860e+00,2.239741e+00,-6.052348e-02
6.500000e-01,7.669931e-01,-3.317695e+00,2.099536e+00,-6.996626e-02
6.500000e-01,7.610520e-01,-3.317213e+00,1.807751e+00,-1.221468e-01
6.500000e-01,7.668645e-01,-3.319090e+00,1.896391e+00,-4.512217e-02
6.500000e-01,7.626237e-01,-3.319003e+00,1.982759e+00,-8.900514e-02
6.500000e-01,8.303876e-01,-3.214247e+00,2.325558e+00,1.074379e-01
6.500000e-01,8.127497e-01,-3.209633e+00,2.071244e+00,6.291978e-02
6.500000e-01,8.207564e-01,-3.212606e+00,1.960089e+00,1.057599e-01
6.500000e-01,8.277087e-01,-3.214960e+00,1.779918e+00,9.210777e-02
6.500000e-01,8.198226e-01,-3.212219e+00,1.977839e+00,1.237729e-01
6.500000e-01,9.186704e-01,-2.991445e+00,1.709654e+00,3.816002e-01
6.500000e-01,9.130362e-01,-2.989182e+00,1.874829e+00,3.205664e-01
6.500000e-01,9.206541e-01,-2.994719e+00,2.994128e+00,4.864217e-01
6.500000e-01,9.261314e-01,-2.993841e+00,1.851850e+00,4.027315e-01
6.500000e-01,9.204483e-01,-2.989308e+00,3.534984e+00,2.898953e-01
7.000000e-01,1.039285e-01,-6.704384e+00,6.054784e+00,-5.238532e-01
7.000000e-01,1.042963e-01,-6.702700e+00,2.547029e+00,-5.734076e-01
7.000000e-01,1.047192e-01,-6.706240e+00,3.708863e+00,-4.729596e-01
7.000000e-01,1.035704e-01,-6.702804e+00,3.739324e+00,-5.665014e-01
7.000000e-01,1.043448e-01,-6.705214e+00,4.980613e+00,-5.018314e-01
7.000000e-01,1.484513e-01,-6.525212e+00,2.272424e+00,-6.252997e-01
7.000000e-01,1.486085e-01,-6.527515e+00,2.426529e+00,-5.911381e-01
7.000000e-01,1.465677e-01,-6.522648e+00,3.994505e+00,-7.076703e-01
7.000000e-01,1.473592e-01,-6.524574e+00,2.521057e+00,-6.495228e-01
7.000000e-01,1.488338e-01,-6.526047e+00,-3.565533e+01,-6.174553e-01
7.000000e-01,2.030529e-01,-6.390376e+00,2.192802e+00,-7.556951e-01
7.000000e-01,2.058375e-01,-6.391761e+00,2.707856e+00,-7.233975e-01
7.000000e-01,2.057238e-01,-6.390891e+00,2.814012e+00,-7.435046e-01
7.000000e-01,2.048820e-01,-6.390009e+00,3.379080e+00,-7.610800e-01
7.000000e-01,2.061160e-01,-6.390230e+00,1.991429e+00,-7.413126e-01
7.000000e-01,2.664721e-01,-6.136866e+00,1.848278e+00,-3.402538e-01
7.000000e-01,2.598181e-01,-6.131676e+00,2.483870e+00,-4.551270e-01
7.000000e-01,2.672034e-01,-6.135184e+00,4.506065e+00,-3.478886e-01
7.000000e-01,2.659729e-01,-6.133292e+00,3.308453e+00,-4.248160e-01
7.000000e-01,2.751398e-01,-6.131506e+00,2.071271e+00,-4.826375e-01
7.000000e-01,3.056205e-01,-6.208650e+00,3.873563e+00,-2.425375e-01
7.000000e-01,3.055158e-01,-6.207015e+00,1.983453e+01,-2.999819e-01
7.000000e-01,2.992418e-01,-6.205154e+00,2.083801e+00,-3.584356e-01
7.000000e-01,3.086035e-01,-6.210528e+00,1.149968e+01,-1.964258e-01
7.000000e-01,3.068383e-01,-6.208291e+00,2.218058e+00,-2.701214e-01
7.000000e-01,3.579891e-01,-5.462310e+00,2.583618e+00,-5.554230e-01
7.000000e-01,3.523430e-01,-5.461043e+00,2.038733e+00,-5.291509e-01
7.000000e-01,3.567722e-01,-5.462830e+00,4.817919e+00,-5.044133e-01
7.000000e-01,3.537279e-01,-5.458966e+00,2.374323e+00,-5.956200e-01
7.000000e-01,3.506383e-01,-5.457747e+00,3.275693e+00,-6.138501e-01
7.000000e-01,4.042721e-01,-5.213463e+00,4.775707e+00,-3.654820e-01
7.000000e-01,4.024440e-01,-5.208697e+00,5.691336e+00,-4.771948e-01
7.000000e-01,3.985483e-01,-5.204472e+00,2.256815e+00,-5.640711e-01
7.000000e-01,3.877108e-01,-5.202085e+00,2.384246e+00,-6.373042e-01
7.000000e-01,3.938534e-01,-5.204725e+00,2.157972e+00,-5.926703e-01
7.000000e-01,4.617633e-01,-4.886291e+00,2.533399e+00,-4.427119e-01
7.000000e-01,4.552075e-01,-4.883102e+00,1.812547e+00,-4.816226e-01
7.000000e-01,4.492306e-01,-4.880947e+00,1.981659e+00,-5.204652e-01
7.000000e-01,4.615755e-01,-4.886313e+00,2.366056e+00,-5.129799e-01
7.000000e-01,4.641459e-01,-4.885649e+00,2.134080e+00,-5.609711e-01
7.000000e-01,5.085000e-01,-4.539826e+00,2.249490e+00,-5.597642e-01
7.000000e-01,5.063644e-01,-4.541634e+00,2.562872e+00,-4.468022e-01
7.000000e-01,5.053179e-01,-4.540589e+00,2.125547e+00,-4.627606e-01
7.000000e-01,5.001588e-01,-4.536500e+00,1.781066e+00,-5.896747e-01
7.000000e-01,5.044094e-01,-4.537760e+00,2.492109e+00,-5.743887e-01
7.000000e-01,5.611037e-01,-4.201897e+00,1.762673e+00,-5.987687e-01
7.000000e-01,5.601402e-01,-4.203184e+00,1.847914e+00,-5.958973e-01
7.000000e-01,5.670979e-01,-4.208694e+00,2.316445e+00,-4.407959e-01
7.000000e-01,5.591981e-01,-4.205803e+00,1.960493e+00,-4.931354e-01
7.000000e-01,5.656084e-01,-4.204255e+00,2.331112e+00,-5.195255e-01
7.000000e-01,5.803766e-01,-4.080527e+00,2.344917e+00,-5.495047e-01
7.000000e-01,5.831657e-01,-4.078062e+00,1.865542e+00,-6.086914e-01
7.000000e-01,5.827523e-01,-4.075979e+00,1.879436e+00,-6.409882e-01
7.000000e-01,5.819952e-01,-4.078981e+00,2.152876e+00,-5.524217e-01
7.000000e-01,5.835587e-01,-4.078295e+00,2.537490e+00,-5.216846e-01
7.000000e-01,6.403216e-01,-3.946823e+00,2.305416e+00,-3.934932e-01
7.000000e-01,6.380834e-01,-3.951169e+00,2.469870e+00,-2.824819e-01
7.000000e-01,6.496564e-01,-3.951194e+00,2.109388e+00,-2.700109e-01
7.000000e-01,6.494850e-01,-3.951696e+00,1.795881e+00,-2.507230e-01
7.000000e-01,6.404441e-01,-3.950492e+00,1.789303e+00,-2.601798e-01
7.000000e-01,6.777979e-01,-3.851919e+00,1.950474e+00,-2.037135e-01
7.000000e-01,6.743693e-01,-3.851176e+00,2.129163e+00,-1.661355e-01
7.000000e-01,6.778814e-01,-3.852282e+00,2.224038e+00,-1.587166e-01
7.000000e-01,6.699419e-01,-3.850090e+00,1.941146e+00,-2.045566e-01
7.000000e-01,6.749527e-01,-3.850535e+00,2.677685e+00,-2.746153e-01
7.000000e-01,7.256536e-01,-3.744879e+00,2.530249e+00,-1.454370e-01
7.000000e-01,7.307527e-01,-3.747495e+00,2.282149e+00,-9.714817e-02
7.000000e-01,7.307872e-01,-3.748611e+00,2.211910e+00,-3.881323e-02
7.000000e-01,7.257024e-01,-3.748763e+00,2.107900e+00,-1.654940e-02
7.000000e-01,7.309576e-01,-3.749668e+00,1.871521e+00,4.037653e-02
7.000000e-01,7.942550e-01,-3.598236e+00,2.057065e+00,1.999610e-01
7.000000e-01,7.942329e-01,-3.598907e+00,2.154368e+00,2.172070e-01
7.000000e-01,7.917204e-01,-3.597841e+00,2.272087e+00,2.012583e-01
7.000000e-01,7.892890e-01,-3.597948e+00,2.158021e+00,1.960196e-01
7.000000e-01,7.977897e-01,-3.597781e+00,1.823608e+00,1.538914e-01
7.000000e-01,8.456441e-01,-3.491649e+00,2.000265e+00,3.903281e-01
7.000000e-01,8.481586e-01,-3.490375e+00,2.528753e+00,2.996577e-01
7.000000e-01,8.489565e-01,-3.490231e+00,1.769652e+00,3.258415e-01
7.000000e-01,8.399477e-01,-3.488906e+00,2.567336e+00,2.861734e-01
7.000000e-01,8.360929e-01,-3.489589e+00,2.254943e+00,3.383566e-01
7.000000e-01,9.135859e-01,-3.333898e+00,1.875644e+00,5.533574e-01
7.000000e-01,9.078556e-01,-3.335161e+00,2.344881e+00,6.165611e-01
7.000000e-01,9.145401e-01,-3.334804e+00,1.938629e+00,6.179365e-01
7.000000e-01,9.046254e-01,-3.333264e+00,2.147745e+00,6.164821e-01
7.000000e-01,9.069389e-01,-3.334530e+00,1.961680e+00,6.069196e-01
7.500000e-01,1.023953e-01,-6.793413e+00,1.958420e+00,-7.912364e-01
7.500000e-01,1.016321e-01,-6.791959e+00,2.502544e+00,-8.545240e-01
7.500000e-01,1.027975e-01,-6.793708e+00,2.493684e+00,-7.921999e-01
7.500000e-01,1.026687e-01,-6.793773e+00,2.654860e+00,-7.919278e-01
7.500000e-01,1.018692e-01,-6.792820e+00,6.119351e+00,-8.205064e-01
7.500000e-01,1.515741e-01,-6.548858e+00,2.597495e+00,-1.010699e+00
7.500000e-01,1.523533e-01,-6.548820e+00,3.037168e+00,-1.020893e+00
7.500000e-01,1.527891e-01,-6.548614e+00,2.098959e+00,-1.025854e+00
7.500000e-01,1.517569e-01,-6.547542e+00,3.025132e+00,-1.055114e+00
7.500000e-01,1.534308e-01,-6.550499e+00,3.712182e+00,-9.726886e-01
7.500000e-01,1.997985e-01,-6.443080e+00,2.617445e+00,-1.264152e+00
7.500000e-01,1.991148e-01,-6.441218e+00,2.627518e+00,-1.312500e+00
7.500000e-01,1.984428e-01,-6.440149e+00,3.150436e+00,-1.344069e+00
7.500000e-01,2.013200e-01,-6.444950e+00,2.181352e+00,-1.210554e+00
7.500000e-01,1.994421e-01,-6.441451e+00,2.203338e+00,-1.308349e+00
7.500000e-01,2.500930e-01,-6.228375e+00,3.516117e+00,-9.043790e-01
7.500000e-01,2.459244e-01,-6.222102e+00,2.120336e+00,-1.105676e+00
7.500000e-01,2.485441e-01,-6.222906e+00,2.493277e+00,-1.065909e+00
7.500000e-01,2.516509e-01,-6.225685e+00,4.471964e+00,-9.792754e-01
7.500000e-01,2.495861e-01,-6.221498e+00,3.094704e+00,-1.070590e+00
7.500000e-01,3.110586e-01,-6.048026e+00,2.370784e+00,-8.974008e-01
7.500000e-01,3.082134e-01,-6.050499e+00,2.409000e+00,-8.211714e-01
7.500000e-01,3.101039e-01,-6.050158e+00,2.364626e+00,-8.714499e-01
7.500000e-01,3.099435e-01,-6.046029e+00,2.488547e+00,-9.570575e-01
7.500000e-01,3.148100e-01,-6.052893e+00,2.178791e+00,-7.707455e-01
7.500000e-01,3.664851e-01,-5.569731e+00,2.161069e+00,-5.763759e-01
7.500000e-01,3.706805e-01,-5.571280e+00,2.306417e+00,-5.229862e-01
7.500000e-01,3.763710e-01,-5.575795e+00,2.455710e+00,-4.749606e-01
7.500000e-01,3.791308e-01,-5.576168e+00,5.171781e+00,-4.695972e-01
7.500000e-01,3.798384e-01,-5.577733e+00,4.408127e+00,-5.131234e-01
7.500000e-01,4.122155e-01,-5.194750e+00,2.100956e+00,-7.216689e-01
7.500000e-01,3.995710e-01,-5.189407e+00,3.365116e+00,-7.939582e-01
7.500000e-01,3.990434e-01,-5.190339e+00,2.187485e+00,-8.074799e-01
7.500000e-01,4.134867e-01,-5.195585e+00,2.082960e+00,-6.934695e-01
7.500000e-01,4.138270e-01,-5.194301e+00,2.258794e+00,-7.412190e-01
7.500000e-01,4.577379e-01,-4.923862e+00,3.695044e+01,-6.944013e-01
7.500000e-01,4.510085e-01,-4.922995e+00,2.171295e+00,-6.470823e-01
7.500000e-01,4.521829e-01,-4.921479e+00,9.049332e+00,-7.076903e-01
7.500000e-01,4.701334e-01,-4.929294e+00,2.793939e+00,-5.952301e-01
7.500000e-01,4.657838e-01,-4.927116e+00,2.096200e+00,-6.817815e-01
7.500000e-01,4.967501e-01,-4.664587e+00,2.516970e+00,-8.134909e-01
7.500000e-01,4.980328e-01,-4.665554e+00,2.767792e+00,-7.960998e-01
7.500000e-01,4.899220e-01,-4.665897e+00,2.054119e+00,-7.380273e-01
7.500000e-01,4.877362e-01,-4.663184e+00,2.014359e+00,-8.032784e-01
7.500000e-01,4.873027e-01,-4.663347e+00,1.787863e+00,-8.304645e-01
7.500000e-01,5.330940e-01,-4.554840e+00,2.564104e+00,-6.183929e-01
7.500000e-01,5.433941e-01,-4.559195e+00,1.926659e+00,-4.853391e-01
7.500000e-01,5.404442e-01,-4.557371e+00,2.093996e+00,-5.511834e-01
7.500000e-01,5.329679e-01,-4.556301e+00,2.061532e+00,-5.691397e-01
7.500000e-01,5.324871e-01,-4.554586e+00,2.767558e+00,-6.888755e-01
7.500000e-01,5.867569e-01,-4.421643e+00,1.901046e+00,-4.369525e-01
7.500000e-01,5.829962e-01,-4.422225e+00,6.350339e+00,-3.882523e-01
7.500000e-01,5.892350e-01,-4.423432e+00,1.863444e+00,-3.860792e-01
7.500000e-01,5.890309e-01,-4.421958e+00,1.896901e+00,-4.345124e-01
7.500000e-01,5.869475e-01,-4.422102e+00,2.295946e+00,-4.011331e-01
7.500000e-01,6.516623e-01,-4.264669e+00,2.144286e+00,-4.998826e-02
7.500000e-01,6.592784e-01,-4.265893e+00,2.145540e+00,-6.850045e-02
7.500000e-01,6.555032e-01,-4.265122e+00,1.949903e+00,-4.961204e-02
7.500000e-01,6.521050e-01,-4.264074e+00,3.013641e+00,-7.528522e-02
7.500000e-01,6.549134e-01,-4.265343e+00,2.352192e+00,-1.244646e-02
7.500000e-01,6.915749e-01,-4.158914e+00,1.970659e+00,1.504565e-01
7.500000e-01,6.854424e-01,-4.158008e+00,2.453151e+00,1.555799e-01
7.500000e-01,6.961455e-01,-4.157485e+00,2.188024e+00,8.748217e-02
7.500000e-01,6.935532e-01,-4.158124e+00,2.318626e+00,1.074789e-01
7.500000e-01,6.911285e-01,-4.158731e+00,2.267348e+00,2.002161e-01
7.500000e-01,7.569459e-01,-4.022771e+00,1.948253e+00,3.258811e-01
7.500000e-01,7.525690e-01,-4.023406e+00,1.968191e+00,4.274680e-01
7.500000e-01,7.494566e-01,-4.023467e+00,2.370595e+00,4.294844e-01
7.500000e-01,7.530766e-01,-4.023493e+00,2.025524e+00,4.183846e-01
7.500000e-01,7.527651e-01,-4.022841e+00,1.933313e+00,3.902539e-01
7.500000e-01,7.956394e-01,-3.921795e+00,3.156907e+00,6.437646e-01
7.500000e-01,8.000143e-01,-3.920381e+00,2.018949e+00,5.548125e-01
7.500000e-01,7.919683e-01,-3.921370e+00,2.673619e+00,5.890616e-01
7.500000e-01,7.833185e-01,-3.921525e+00,2.149093e+00,7.184106e-01
7.500000e-01,7.911929e-01,-3.920701e+00,2.062432e+00,5.981125e-01
7.500000e-01,8.372161e-01,-3.822358e+00,2.754161e+00,7.751231e-01
7.500000e-01,8.454994e-01,-3.822200e+00,2.155041e+00,6.968586e-01
7.500000e-01,8.329618e-01,-3.822996e+00,2.293202e+00,7.698306e-01
7.500000e-01,8.350836e-01,-3.820852e+00,2.252904e+00,7.102841e-01
7.500000e-01,8.311964e-01,-3.822435e+00,3.470409e+00,7.907815e-01
7.500000e-01,8.745520e-01,-3.739566e+00,2.087797e+00,9.156195e-01
7.500000e-01,8.773467e-01,-3.739448e+00,3.346053e+00,9.059413e-01
7.500000e-01,8.832869e-01,-3.741587e+00,2.149032e+00,9.636390e-01
7.500000e-01,8.643249e-01,-3.739328e+00,1.965440e+00,1.005695e+00
7.500000e-01,8.717205e-01,-3.738945e+00,2.130257e+00,9.252366e-01
8.000000e-01,1.027582e-01,-6.966713e+00,6.051191e+00,-1.154413e+00
8.000000e-01,1.031164e-01,-6.966190e+00,3.939563e+00,-1.178994e+00
8.000000e-01,1.026789e-01,-6.966533e+00,2.534724e+00,-1.160472e+00
8.000000e-01,1.021652e-01,-6.965581e+00,3.382174e+00,-1.205584e+00
8.000000e-01,1.028061e-01,-6.966655e+00,2.221956e+00,-1.169012e+00
8.000000e-01,1.498826e-01,-6.801937e+00,4.405063e+00,-1.119544e+00
8.000000e-01,1.502815e-01,-6.800251e+00,3.135011e+00,-1.145102e+00
8.000000e-01,1.506683e-01,-6.801924e+00,2.960822e+00,-1.115991e+00
8.000000e-01,1.498383e-01,-6.800384e+00,5.236670e+00,-1.140083e+00
8.000000e-01,1.496671e-01,-6.801043e+00,2.701836e+00,-1.152125e+00
8.000000e-01,2.017464e-01,-6.500307e+00,2.735664e+00,-2.145678e+00
8.000000e-01,2.042271e-01,-6.500656e+00,2.421248e+00,-2.139098e+00
8.000000e-01,2.049981e-01,-6.502277e+00,2.649071e+00,-2.082357e+00
8.000000e-01,2.039717e-01,-6.500402e+00,2.722771e+00,-2.141670e+00
8.000000e-01,2.017596e-01,-6.499437e+00,3.145147e+00,-2.153543e+00
8.000000e-01,2.483632e-01,-6.414871e+00,2.313804e+00,-1.236932e+00
8.000000e-01,2.486141e-01,-6.419646e+00,2.602729e+00,-1.107840e+00
8.000000e-01,2.463639e-01,-6.415431e+00,2.338615e+00,-1.239459e+00
8.000000e-01,2.490220e-01,-6.416524e+00,3.444834e+00,-1.195116e+00
8.000000e-01,2.497150e-01,-6.419307e+00,3.822061e+00,-1.084632e+00
8.000000e-01,3.034943e-01,-6.217290e+00,2.120999e+00,-1.480787e+00
8.000000e-01,3.057085e-01,-6.219859e+00,3.167756e+00,-1.407947e+00
8.000000e-01,3.050226e-01,-6.218944e+00,2.565924e+00,-1.430091e+00
8.000000e-01,3.034079e-01,-6.217272e+00,3.887097e+00,-1.492306e+00
8.000000e-01,3.068058e-01,-6.218630e+00,4.781966e+00,-1.442536e+00
8.000000e-01,3.514031e-01,-5.556102e+00,1.982566e+00,-2.642749e+00
8.000000e-01,3.464374e-01,-5.555801e+00,2.374261e+00,-2.623806e+00
8.000000e-01,3.461575e-01,-5.556663e+00,3.138404e+00,-2.542599e+00
8.000000e-01,3.461107e-01,-5.556477e+00,2.507033e+00,-2.572196e+00
8.000000e-01,3.451320e-01,-5.555982e+00,2.791856e+00,-2.587947e+00
8.000000e-01,3.964069e-01,-5.436177e+00,2.602563e+00,-1.505045e+00
8.000000e-01,3.958030e-01,-5.434851e+00,2.498164e+00,-1.575887e+00
8.000000e-01,3.905890e-01,-5.431980e+00,3.864259e+00,-1.626594e+00
8.000000e-01,3.839854e-01,-5.431512e+00,2.506625e+00,-1.582762e+00
8.000000e-01,4.017446e-01,-5.440278e+00,2.120716e+00,-1.370191e+00
8.000000e-01,4.413751e-01,-5.167015e+00,2.628052e+00,-9.249054e-01
8.000000e-01,4.390858e-01,-5.167396e+00,2.228587e+00,-8.658278e-01
8.000000e-01,4.409715e-01,-5.167874e+00,2.053090e+00,-8.918571e-01
8.000000e-01,4.361974e-01,-5.167489e+00,3.527565e+00,-8.319669e-01
8.000000e-01,4.407802e-01,-5.168793e+00,2.078111e+00,-8.420098e-01
8.000000e-01,5.095161e-01,-4.991269e+00,2.765521e+00,-5.154796e-01
8.000000e-01,5.102784e-01,-4.991421e+00,1.924563e+00,-4.759981e-01
8.000000e-01,5.131819e-01,-4.991154e+00,2.160524e+00,-5.513669e-01
8.000000e-01,5.049326e-01,-4.991697e+00,2.864986e+00,-4.203716e-01
8.000000e-01,4.997565e-01,-4.989982e+00,2.399622e+00,-4.848879e-01
8.000000e-01,5.199106e-01,-4.946488e+00,3.100551e+00,-3.837607e-01
8.000000e-01,5.176298e-01,-4.946276e+00,3.669898e+00,-3.114311e-01
8.000000e-01,5.231784e-01,-4.945417e+00,2.454834e+00,-4.143437e-01
8.000000e-01,5.230547e-01,-4.945520e+00,7.993121e+00,-4.277940e-01
8.000000e-01,5.291735e-01,-4.947185e+00,2.322144e+00,-4.193627e-01
8.000000e-01,6.060725e-01,-4.720838e+00,1.837267e+00,1.561176e-01
8.000000e-01,6.020749e-01,-4.720203e+00,3.245562e+00,1.679757e-01
8.000000e-01,6.096221e-01,-4.722638e+00,2.105714e+00,2.070345e-01
8.000000e-01,6.030636e-01,-4.720466e+00,2.177753e+00,1.128237e-01
8.000000e-01,6.100827e-01,-4.721064e+00,2.658834e+00,7.400590e-02
8.000000e-01,6.431645e-01,-4.625918e+00,3.075820e+00,3.723493e-01
8.000000e-01,6.532142e-01,-4.626768e+00,2.258574e+00,2.992301e-01
8.000000e-01,6.499431e-01,-4.625350e+00,1.897148e+00,2.742743e-01
8.000000e-01,6.420875e-01,-4.626196e+00,2.171980e+00,3.531844e-01
8.000000e-01,6.454555e-01,-4.625251e+00,1.965601e+00,3.068673e-01
8.000000e-01,7.001671e-01,-4.475454e+00,2.253117e+00,7.084111e-01
8.000000e-01,7.054895e-01,-4.474942e+00,2.095897e+00,6.585491e-01
8.000000e-01,7.048687e-01,-4.476207e+00,2.075921e+00,6.986886e-01
8.000000e-01,7.027392e-01,-4.477113e+00,2.869616e+00,7.343288e-01
8.000000e-01,7.033724e-01,-4.476138e+00,2.629802e+00,7.057245e-01
8.000000e-01,7.173672e-01,-4.426216e+00,2.929303e+00,8.033482e-01
8.000000e-01,7.194509e-01,-4.425805e+00,2.259950e+00,8.080790e-01
8.000000e-01,7.256681e-01,-4.426928e+00,3.264464e+00,7.906084e-01
8.000000e-01,7.276143e-01,-4.426561e+00,2.231714e+00,7.986539e-01
8.000000e-01,7.277317e-01,-4.425830e+00,2.039972e+00,7.534158e-01
8.000000e-01,7.680605e-01,-4.329477e+00,1.882889e+00,9.310369e-01
8.000000e-01,7.621255e-01,-4.330080e+00,2.187475e+00,1.044893e+00
8.000000e-01,7.533485e-01,-4.330180e+00,2.425016e+00,1.104319e+00
8.000000e-01,7.628251e-01,-4.329877e+00,2.852973e+00,9.847506e-01
8.000000e-01,7.648812e-01,-4.329321e+00,2.371947e+00,9.845266e-01
8.000000e-01,8.122829e-01,-4.205156e+00,2.001224e+00,1.229907e+00
8.000000e-01,8.156065e-01,-4.205426e+00,2.279618e+00,1.259076e+00
8.000000e-01,8.178903e-01,-4.205548e+00,2.398388e+00,1.284329e+00
8.000000e-01,8.082231e-01,-4.205394e+00,1.851862e+00,1.335236e+00
8.000000e-01,8.117453e-01,-4.205632e+00,2.014727e+00,1.329951e+00
8.000000e-01,8.585541e-01,-4.095144e+00,1.798088e+00,1.519586e+00
8.000000e-01,8.610657e-01,-4.095132e+00,2.079269e+00,1.450574e+00
8.000000e-01,8.583948e-01,-4.095753e+00,2.420774e+00,1.535760e+00
8.000000e-01,8.474907e-01,-4.094567e+00,2.143799e+00,1.530682e+00
8.000000e-01,8.643871e-01,-4.095453e+00,1.794754e+00,1.444924e+00
8.500000e-01,9.497004e-02,-6.714237e+00,2.162865e+00,-4.726332e+00
8.500000e-01,9.531420e-02,-6.714261e+00,2.486979e+00,-4.731365e+00
8.500000e-01,9.501702e-02,-6.714214e+00,1.708783e+00,-4.728953e+00
8.500000e-01,9.509099e-02,-6.714318e+00,2.948769e+00,-4.729221e+00
8.500000e-01,9.499292e-02,-6.714354e+00,4.206847e+00,-4.728705e+00
8.500000e-01,1.485524e-01,-6.564461e+00,2.045906e+00,-4.272610e+00
8.500000e-01,1.479360e-01,-6.564428e+00,2.094987e+00,-4.267157e+00
8.500000e-01,1.492467e-01,-6.564608e+00,2.073238e+00,-4.269911e+00
8.500000e-01,1.477688e-01,-6.564443e+00,2.931582e+00,-4.264985e+00
8.500000e-01,1.480244e-01,-6.564396e+00,2.928540e+00,-4.267489e+00
8.500000e-01,2.039496e-01,-6.408928e+00,3.164890e+00,-3.788870e+00
8.500000e-01,2.067450e-01,-6.409033e+00,2.510921e+00,-3.804410e+00
8.500000e-01,2.040888e-01,-6.408921e+00,2.866994e+00,-3.784361e+00
8.500000e-01,2.054115e-01,-6.408944e+00,1.911900e+00,-3.802400e+00
8.500000e-01,2.038255e-01,-6.408679e+00,2.254622e+00,-3.795165e+00
8.500000e-01,2.379291e-01,-6.317795e+00,2.415771e+00,-3.516909e+00
8.500000e-01,2.386834e-01,-6.317661e+00,1.970130e+00,-3.534969e+00
8.500000e-01,2.378971e-01,-6.317654e+00,2.635559e+00,-3.533428e+00
8.500000e-01,2.378449e-01,-6.317554e+00,1.970352e+00,-3.528472e+00
8.500000e-01,2.379966e-01,-6.317617e+00,3.091754e+00,-3.526261e+00
8.500000e-01,2.873088e-01,-6.182846e+00,2.566163e+00,-3.139358e+00
8.500000e-01,2.876369e-01,-6.183065e+00,2.010848e+00,-3.132565e+00
8.500000e-01,2.866298e-01,-6.182799e+00,2.265713e+00,-3.130933e+00
8.500000e-01,2.870935e-01,-6.183160e+00,2.625357e+00,-3.133581e+00
8.500000e-01,2.885837e-01,-6.182980e+00,4.439395e+00,-3.164903e+00
8.500000e-01,3.449999e-01,-6.031742e+00,2.206380e+00,-2.721120e+00
8.500000e-01,3.435979e-01,-6.031845e+00,3.146385e+00,-2.707883e+00
8.500000e-01,3.416644e-01,-6.031841e+00,2.227176e+00,-2.699267e+00
8.500000e-01,3.445295e-01,-6.031626e+00,2.179567e+00,-2.719845e+00
8.500000e-01,3.423701e-01,-6.031807e+00,1.951541e+00,-2.696010e+00
8.500000e-01,3.849081e-01,-5.924083e+00,3.169056e+00,-2.448922e+00
8.500000e-01,3.817764e-01,-5.924167e+00,2.050054e+00,-2.393271e+00
8.500000e-01,3.822765e-01,-5.924487e+00,1.779230e+00,-2.399982e+00
8.500000e-01,3.815598e-01,-5.924169e+00,3.044270e+00,-2.390848e+00
8.500000e-01,3.861902e-01,-5.924032e+00,3.035227e+00,-2.441331e+00
8.500000e-01,4.339825e-01,-5.792391e+00,3.491134e+00,-2.063789e+00
8.500000e-01,4.340025e-01,-5.792724e+00,2.398097e+00,-2.042068e+00
8.500000e-01,4.320926e-01,-5.792587e+00,2.038769e+00,-2.052974e+00
8.500000e-01,4.329318e-01,-5.792858e+00,2.157426e+00,-2.073948e+00
8.500000e-01,4.310686e-01,-5.792995e+00,3.144152e+00,-2.023056e+00
8.500000e-01,4.914593e-01,-5.638937e+00,2.063101e+00,-1.639092e+00
8.500000e-01,4.896557e-01,-5.638963e+00,2.795075e+00,-1.623462e+00
8.500000e-01,4.928482e-01,-5.638846e+00,2.262172e+00,-1.654999e+00
8.500000e-01,4.827697e-01,-5.638990e+00,2.751113e+00,-1.568600e+00
8.500000e-01,4.940077e-01,-5.638621e+00,3.399838e+00,-1.678361e+00
8.500000e-01,5.344530e-01,-5.515047e+00,3.081959e+00,-1.294075e+00
8.500000e-01,5.375321e-01,-5.514604e+00,2.837827e+00,-1.321774e+00
8.500000e-01,5.275144e-01,-5.515022e+00,2.899085e+00,-1.211158e+00
8.500000e-01,5.417440e-01,-5.514897e+00,2.119739e+00,-1.331616e+00
8.500000e-01,5.346295e-01,-5.515503e+00,3.066409e+00,-1.272443e+00
8.500000e-01,6.155233e-01,-5.288200e+00,6.196595e+00,-6.353765e-01
8.500000e-01,6.151217e-01,-5.288073e+00,4.015526e+00,-6.301494e-01
8.500000e-01,6.131531e-01,-5.288453e+00,2.652216e+00,-6.628134e-01
8.500000e-01,6.129160e-01,-5.288819e+00,2.443353e+00,-6.321779e-01
8.500000e-01,6.263902e-01,-5.287777e+00,3.909948e+00,-7.199595e-01
8.500000e-01,6.240296e-01,-5.202873e+00,5.661740e+00,-1.625775e-01
8.500000e-01,6.242904e-01,-5.203904e+00,2.577457e+00,-1.234660e-01
8.500000e-01,6.151932e-01,-5.203909e+00,3.015050e+00,-1.899037e-02
8.500000e-01,6.161229e-01,-5.203810e+00,2.213961e+00,-5.490365e-02
8.500000e-01,6.077811e-01,-5.203536e+00,2.203521e+00,3.432222e-03
8.500000e-01,6.845453e-01,-4.857258e+00,2.414048e+00,1.314518e+00
8.500000e-01,6.832536e-01,-4.856508e+00,2.544080e+00,1.289194e+00
8.500000e-01,6.733339e-01,-4.857693e+00,2.947855e+00,1.357357e+00
8.500000e-01,6.842242e-01,-4.856989e+00,2.519716e+00,1.295966e+00
8.500000e-01,6.772398e-01,-4.856775e+00,2.501990e+00,1.349669e+00
8.500000e-01,7.572091e-01,-4.654841e+00,2.666795e+00,1.777039e+00
8.500000e-01,7.590350e-01,-4.654511e+00,2.903276e+00,1.782431e+00
8.500000e-01,7.513909e-01,-4.655157e+00,2.624405e+00,1.870898e+00
8.500000e-01,7.607412e-01,-4.654816e+00,3.077126e+00,1.750820e+00
8.500000e-01,7.590405e-01,-4.654929e+00,2.399668e+00,1.779747e+00
8.500000e-01,7.793284e-01,-4.586847e+00,2.253398e+00,1.978610e+00
8.500000e-01,7.890754e-01,-4.587291e+00,2.204887e+00,1.887971e+00
8.500000e-01,7.774954e-01,-4.587002e+00,2.042345e+00,2.004523e+00
8.500000e-01,7.786422e-01,-4.586749e+00,2.700203e+00,1.970355e+00
8.500000e-01,7.762580e-01,-4.586726e+00,2.578582e+00,1.966233e+00
8.500000e-01,8.567181e-01,-4.379380e+00,2.509182e+00,2.492919e+00
8.500000e-01,8.580212e-01,-4.379790e+00,2.447634e+00,2.479979e+00
8.500000e-01,8.579340e-01,-4.380043e+00,2.864034e+00,2.494838e+00
8.500000e-01,8.594567e-01,-4.380216e+00,2.209684e+00,2.409848e+00
8.500000e-01,8.586158e-01,-4.379107e+00,2.259993e+00,2.434612e+00
8.500000e-01,9.113232e-01,-4.292335e+00,2.229005e+00,2.559287e+00
8.500000e-01,9.032247e-01,-4.291501e+00,2.389400e+00,2.596209e+00
8.500000e-01,8.964515e-01,-4.291142e+00,2.474463e+00,2.636405e+00
8.500000e-01,9.026485e-01,-4.291876e+00,2.418038e+00,2.607170e+00
8.500000e-01,8.933046e-01,-4.292288e+00,1.915056e+00,2.713984e+00
9.000000e-01,9.712274e-02,-7.137936e+00,9.800790e+00,-4.339291e+00
9.000000e-01,9.721204e-02,-7.137951e+00,2.358357e+00,-4.339730e+00
9.000000e-01,9.723874e-02,-7.137944e+00,2.386897e+00,-4.339335e+00
9.000000e-01,9.741749e-02,-7.137978e+00,3.949671e+00,-4.341669e+00
9.000000e-01,9.725013e-02,-7.137923e+00,1.719935e+00,-4.340995e+00
9.000000e-01,1.507012e-01,-6.983789e+00,5.162289e+00,-3.869736e+00
9.000000e-01,1.505958e-01,-6.983788e+00,1.267385e+01,-3.868578e+00
9.000000e-01,1.508813e-01,-6.983856e+00,5.434985e+00,-3.868621e+00
9.000000e-01,1.508560e-01,-6.983841e+00,3.069904e+00,-3.865625e+00
9.000000e-01,1.510725e-01,-6.983802e+00,4.027095e+00,-3.870025e+00
9.000000e-01,1.905676e-01,-6.870913e+00,3.300439e+00,-3.529792e+00
9.000000e-01,1.909578e-01,-6.870855e+00,1.879139e+00,-3.536586e+00
9.000000e-01,1.912789e-01,-6.870950e+00,2.707014e+00,-3.539336e+00
9.000000e-01,1.905650e-01,-6.870863e+00,2.905136e+00,-3.532909e+00
9.000000e-01,1.910130e-01,-6.871008e+00,2.611736e+00,-3.527002e+00
9.000000e-01,2.413232e-01,-6.728310e+00,2.018121e+00,-3.108077e+00
9.000000e-01,2.418097e-01,-6.728403e+00,1.748899e+00,-3.105521e+00
9.000000e-01,2.424070e-01,-6.728329e+00,1.853429e+00,-3.117058e+00
9.000000e-01,2.415722e-01,-6.728345e+00,3.338809e+00,-3.113891e+00
9.000000e-01,2.414796e-01,-6.728463e+00,2.420445e+00,-3.101849e+00
9.000000e-01,2.871136e-01,-6.600763e+00,1.867869e+00,-2.733895e+00
9.000000e-01,2.875503e-01,-6.600905e+00,2.278904e+00,-2.742515e+00
9.000000e-01,2.884804e-01,-6.600816e+00,-2.778536e+01,-2.740174e+00
9.000000e-01,2.876850e-01,-6.600660e+00,3.483951e+00,-2.741653e+00
9.000000e-01,2.856477e-01,-6.600886e+00,2.720714e+00,-2.729362e+00
9.000000e-01,3.370373e-01,-6.462762e+00,2.500732e+00,-2.339800e+00
9.000000e-01,3.378777e-01,-6.462589e+00,4.805480e+00,-2.342787e+00
9.000000e-01,3.377129e-01,-6.462915e+00,4.336099e+00,-2.314906e+00
9.000000e-01,3.380085e-01,-6.462643e+00,5.718953e+00,-2.343500e+00
9.000000e-01,3.392893e-01,-6.462642e+00,2.110544e+00,-2.348309e+00
9.000000e-01,3.845435e-01,-6.336821e+00,2.841125e+00,-1.996260e+00
9.000000e-01,3.833054e-01,-6.336864e+00,3.240652e+00,-1.989623e+00
9.000000e-01,3.845113e-01,-6.336622e+00,2.317219e+00,-1.998775e+00
9.000000e-01,3.834099e-01,-6.336552e+00,2.488963e+00,-1.983001e+00
9.000000e-01,3.856138e-01,-6.336759e+00,2.304215e+00,-1.988847e+00
9.000000e-01,4.306600e-01,-6.208859e+00,2.231320e+00,-1.637084e+00
9.000000e-01,4.312523e-01,-6.209236e+00,2.147714e+00,-1.636006e+00
9.000000e-01,4.309817e-01,-6.208959e+00,4.010177e+00,-1.633993e+00
9.000000e-01,4.287201e-01,-6.208924e+00,3.750484e+00,-1.613905e+00
9.000000e-01,4.313863e-01,-6.208918e+00,3.502431e+00,-1.623972e+00
9.000000e-01,4.753399e-01,-6.082542e+00,4.261831e+00,-1.259648e+00
9.000000e-01,4.758311e-01,-6.082333e+00,2.043425e+00,-1.281271e+00
9.000000e-01,4.770606e-01,-6.082474e+00,4.692992e+00,-1.276925e+00
9.000000e-01,4.780466e-01,-6.082656e+00,2.939899e+00,-1.284870e+00
9.000000e-01,4.773184e-01,-6.082566e+00,1.962495e+00,-1.291398e+00
9.000000e-01,5.493311e-01,-5.891463e+00,2.057369e+00,-7.718302e-01
9.000000e-01,5.472746e-01,-5.891091e+00,3.174187e+00,-7.550047e-01
9.000000e-01,5.496344e-01,-5.891693e+00,2.274651e+00,-7.477307e-01
9.000000e-01,5.469146e-01,-5.891625e+00,3.031641e+00,-7.299111e-01
9.000000e-01,5.469908e-01,-5.891524e+00,2.644221e+00,-7.535320e-01
9.000000e-01,5.793137e-01,-5.801723e+00,2.015231e+00,-5.043684e-01
9.000000e-01,5.806351e-01,-5.801588e+00,2.980661e+00,-5.110498e-01
9.000000e-01,5.810352e-01,-5.801463e+00,2.892365e+00,-5.093289e-01
9.000000e-01,5.846824e-01,-5.801739e+00,4.353865e+00,-5.456462e-01
9.000000e-01,5.836336e-01,-5.801625e+00,3.961249e+00,-5.236715e-01
9.000000e-01,6.354018e-01,-5.637416e+00,2.058195e+00,-3.489182e-02
9.000000e-01,6.417621e-01,-5.637183e+00,2.728076e+00,-8.279167e-02
9.000000e-01,6.413857e-01,-5.637507e+00,3.434939e+00,-5.831313e-02
9.000000e-01,6.400931e-01,-5.637830e+00,2.301405e+00,-6.072509e-02
9.000000e-01,6.368528e-01,-5.638225e+00,4.490898e+00,-3.277374e-02
9.000000e-01,6.724478e-01,-5.535555e+00,1.867813e+00,2.506730e-01
9.000000e-01,6.763026e-01,-5.535424e+00,2.189160e+00,2.214598e-01
9.000000e-01,6.762451e-01,-5.535450e+00,2.090922e+00,2.147730e-01
9.000000e-01,6.785328e-01,-5.535158e+00,2.015912e+00,1.889328e-01
9.000000e-01,6.775878e-01,-5.534917e+00,2.376900e+00,2.135659e-01
9.000000e-01,7.377058e-01,-5.376576e+00,2.608571e+00,6.276042e-01
9.000000e-01,7.384682e-01,-5.376488e+00,3.289283e+00,6.185111e-01
9.000000e-01,7.384297e-01,-5.376296e+00,2.392953e+00,6.248161e-01
9.000000e-01,7.371135e-01,-5.376822e+00,3.195493e+00,6.549292e-01
9.000000e-01,7.375659e-01,-5.377000e+00,4.709150e+00,6.488826e-01
9.000000e-01,7.954455e-01,-5.208408e+00,2.264138e+00,1.121363e+00
9.000000e-01,7.946640e-01,-5.208459e+00,2.957353e+00,1.136180e+00
9.000000e-01,7.999622e-01,-5.208202e+00,2.258755e+00,1.068871e+00
9.000000e-01,7.903839e-01,-5.209292e+00,1.906848e+00,1.150794e+00
9.000000e-01,8.002271e-01,-5.208783e+00,2.473526e+00,1.084742e+00
9.000000e-01,8.625816e-01,-5.033841e+00,4.076984e+00,1.559138e+00
9.000000e-01,8.570522e-01,-5.033168e+00,2.451488e+00,1.591199e+00
9.000000e-01,8.570528e-01,-5.032983e+00,3.906027e+00,1.603851e+00
9.000000e-01,8.502315e-01,-5.034136e+00,2.733516e+00,1.644824e+00
9.000000e-01,8.572896e-01,-5.033699e+00,2.345223e+00,1.617225e+00
9.000000e-01,8.653390e-01,-5.014011e+00,2.079533e+00,1.651366e+00
9.000000e-01,8.614586e-01,-5.013761e+00,4.964132e+00,1.664137e+00
9.000000e-01,8.654550e-01,-5.014228e+00,2.173014e+00,1.647547e+00
9.000000e-01,8.550003e-01,-5.014798e+00,2.182638e+00,1.729461e+00
9.000000e-01,8.629034e-01,-5.014228e+00,2.295367e+00,1.657763e+00
