PosX,PosY,PosZ,VelX,VelY,VelZ,Speed
2.411908e-05,3.569146e-02,7.772150e+00,3.155784e-01,9.071101e-02,3.784636e-01,5.010518e-01
2.149544e+00,2.154280e+00,7.579346e+00,-4.616859e-01,3.122981e-01,4.723683e-01,7.306270e-01
2.489857e+00,1.506139e+00,6.716203e+00,1.825135e-01,-2.791796e-01,1.031932e-01,3.491437e-01
9.499912e+00,8.871785e+00,8.409064e+00,-2.704857e-01,4.648528e-02,-4.459652e-02,2.780508e-01
4.010476e+00,2.421608e+00,8.823877e+00,1.442420e-01,-6.528544e-02,-1.212707e-01,1.994355e-01
4.267215e+00,3.686789e+00,8.976324e+00,1.987569e-01,1.172650e-01,6.411784e-02,2.395130e-01
3.402381e+00,2.469623e+00,9.737001e+00,-9.893401e-02,-5.257686e-01,-1.754668e-01,5.630357e-01
4.488262e+00,2.819993e+00,9.713574e+00,1.834805e-01,5.769847e-01,6.165880e-01,8.641511e-01
4.259893e+00,1.762377e+00,9.678514e+00,-3.945845e-01,-4.093850e-01,9.594451e-01,1.115270e+00
6.038748e+00,1.647598e+00,1.549889e-01,-3.692272e-02,-3.247642e-01,-2.296164e-01,3.994481e-01
3.932173e+00,2.186587e+00,6.184759e-01,-6.750707e-01,1.234405e-01,-3.258898e-02,6.870371e-01
5.009837e+00,2.029643e+00,3.900593e-01,2.932277e-02,3.840501e-02,5.398097e-01,5.419680e-01
6.323683e+00,7.797386e-01,8.133390e+00,-4.997016e-04,-9.360489e-02,4.172138e-01,4.275857e-01
7.318280e+00,9.806345e-01,8.776295e+00,1.864253e-01,1.964179e-01,-9.709827e-02,2.876846e-01
6.342665e+00,9.921131e+00,8.802042e+00,-4.449829e-01,-6.381126e-01,-8.170229e-02,7.822230e-01
8.498766e+00,3.282736e+00,7.279846e+00,1.236319e-01,-1.424960e-01,1.914540e-02,1.896219e-01
7.446629e+00,9.690344e+00,9.082748e+00,-2.198921e-02,3.248500e-01,-1.498391e-01,3.584170e-01
9.940090e+00,1.146028e+00,7.864283e+00,3.067123e-01,-7.377638e-02,-3.480147e-01,4.697123e-01
8.724039e+00,9.472499e+00,8.865987e+00,3.126745e-01,1.700507e-01,-2.592880e-01,4.403554e-01
7.020412e+00,8.159092e+00,9.156714e+00,1.361242e-01,2.948112e-01,7.679368e-02,3.336775e-01
8.956128e-01,6.164139e-01,7.349050e+00,6.556879e-02,2.747946e-01,6.738428e-01,7.306679e-01
3.202277e+00,3.738628e+00,1.702582e+00,5.660178e-01,-1.332452e-01,-2.252539e-01,6.235942e-01
3.293177e+00,3.250201e+00,8.855800e+00,1.253060e-01,-1.889579e-01,1.335986e-01,2.631640e-01
8.435282e+00,3.668681e+00,1.213326e+00,-1.282170e-01,-1.668590e-01,-4.609366e-01,5.066992e-01
3.558519e+00,3.555817e+00,9.844182e+00,2.985243e-01,7.899323e-02,-3.699904e-01,4.819228e-01
3.698637e+00,4.208044e+00,8.131937e-01,-3.534665e-02,4.689092e-02,-3.769924e-02,6.978091e-02
4.517450e+00,3.911653e+00,1.056920e-01,-5.683324e-01,3.441530e-01,-3.935908e-01,7.722414e-01
4.042800e+00,3.235303e+00,8.373771e-01,-7.133488e-01,1.509922e-01,2.344821e-02,7.295306e-01
5.358027e+00,2.257562e+00,9.384643e+00,2.620131e-01,9.647588e-02,4.569957e-01,5.355404e-01
6.898821e+00,5.087238e+00,8.736656e+00,3.635140e-02,1.202265e-02,-1.086137e-01,1.151646e-01
6.128665e+00,2.755560e+00,1.062067e-01,8.943619e-02,1.415281e-01,3.473137e-02,1.709833e-01
5.032868e+00,3.156468e+00,2.823051e+00,-4.187102e-01,-2.561504e-01,3.253289e-01,5.888720e-01
6.055279e+00,3.072397e+00,9.033732e+00,-1.778602e-01,1.730104e-01,2.420968e-03,2.481385e-01
6.744678e+00,3.894630e+00,1.865092e+00,2.591470e-01,-1.522447e-01,1.435085e-01,3.330620e-01
7.794518e+00,3.722555e+00,2.253340e+00,-1.048024e+00,1.156000e-01,-1.838127e-01,1.070282e+00
7.052587e+00,3.104275e+00,2.749757e+00,1.260390e-01,-2.205048e-01,7.485606e-01,7.904752e-01
8.248103e+00,1.409761e+00,8.223435e+00,-1.468849e-01,-2.408010e-01,2.801691e-01,3.975614e-01
8.827753e+00,2.280244e+00,7.649542e+00,4.633886e-02,2.110512e-01,2.428603e-01,3.250708e-01
9.595002e-01,1.646143e+00,7.743688e+00,-3.834070e-01,6.492699e-01,5.503645e-02,7.560300e-01
8.658614e+00,4.309755e+00,2.090533e+00,-7.685621e-02,-2.518786e-01,3.928602e-01,4.729575e-01
9.815484e+00,3.301962e+00,3.230883e+00,-1.959003e-01,4.937646e-01,-3.530155e-01,6.378090e-01
1.312692e+00,4.813822e+00,1.661693e+00,-2.255778e-01,7.190909e-02,5.738169e-01,6.207432e-01
4.006084e-01,3.713462e+00,2.386150e+00,-3.335062e-01,-1.298291e-01,2.658496e-01,4.458228e-01
9.661498e+00,5.512479e+00,2.651828e+00,-3.143791e-02,4.018477e-01,3.643264e-01,5.433264e-01
1.419211e+00,3.756972e+00,1.776853e+00,1.887510e-01,1.931798e-01,4.971986e-01,5.658195e-01
3.183942e+00,5.128864e+00,2.435706e+00,2.358423e-01,-2.177170e-02,2.704553e-01,3.595020e-01
2.390401e+00,3.005640e+00,1.666429e+00,1.595257e-01,-4.909096e-01,-1.169649e-01,5.292651e-01
1.022374e+00,3.326599e+00,3.302016e+00,2.965021e-01,2.732046e-01,-1.140458e-01,4.189996e-01
4.013040e+00,4.492636e+00,1.903433e+00,1.081562e-01,3.298305e-01,-7.554825e-02,3.552372e-01
6.473633e+00,3.743114e+00,9.939388e+00,2.220255e-01,2.793957e-01,1.487690e-01,3.866387e-01
6.185177e+00,3.426523e+00,9.938782e-01,-2.022083e-01,9.070621e-03,-1.756658e-01,2.680093e-01
5.820723e+00,4.272951e+00,1.546680e+00,1.848570e-01,3.382132e-01,9.036290e-02,3.958860e-01
7.419246e+00,3.735270e+00,6.004240e-01,-5.398138e-02,2.230437e-01,1.670247e-01,2.838305e-01
7.680712e+00,4.763300e+00,4.291556e-01,1.132844e-01,-3.933689e-01,1.126587e-02,4.095112e-01
7.683256e+00,4.850605e+00,2.380282e+00,-2.825740e-02,4.207621e-01,-3.224778e-01,5.308777e-01
6.612552e+00,4.473917e+00,8.044050e-01,-1.788824e-01,-1.364224e-01,-1.361597e-01,2.629629e-01
7.639347e+00,4.361177e+00,1.433278e+00,3.748831e-01,-3.694759e-01,3.182475e-01,6.150863e-01
7.761638e+00,5.836091e+00,2.651949e-01,-2.816881e-01,1.777966e-01,-5.757555e-01,6.651723e-01
8.625800e+00,4.790474e+00,1.113968e+00,7.755577e-02,-3.557327e-01,4.087907e-01,5.474217e-01
7.722974e+00,5.490602e+00,1.384616e+00,-3.712114e-01,1.597779e-01,-1.231944e-01,4.224970e-01
9.553597e+00,5.271545e+00,7.483395e-01,2.885945e-02,-2.777023e-01,9.895016e-03,2.793731e-01
4.332937e-01,5.386324e+00,1.426609e+00,5.083521e-02,3.675302e-01,-2.077081e-01,4.252121e-01
4.962276e-01,4.854188e+00,2.404457e+00,-3.832260e-01,-2.824243e-01,-2.298320e-01,5.286288e-01
1.407403e+00,6.013518e+00,1.599615e+00,-5.180655e-01,-3.009623e-01,5.393830e-02,6.015642e-01
2.092663e+00,5.038135e+00,8.987555e-01,3.570592e-01,-6.593120e-02,-4.676444e-01,5.920553e-01
5.075039e+00,5.870150e+00,7.902991e-01,-8.199996e-02,-2.456660e-01,2.253360e-01,3.432959e-01
2.295268e+00,4.326514e+00,2.069713e+00,-7.583631e-01,-1.511297e-02,2.913855e-01,8.125567e-01
2.284877e+00,5.374530e+00,1.929460e+00,5.690346e-02,-1.337288e-01,2.348097e-01,2.761467e-01
6.826407e+00,4.825629e+00,9.735507e+00,1.052674e+00,-4.854909e-01,-6.799611e-02,1.161226e+00
4.948789e+00,6.666859e+00,4.971269e-02,1.793824e-01,2.236388e-01,1.106565e-01,3.073064e-01
5.914589e+00,5.105138e+00,2.380035e-01,-1.791782e-01,6.326334e-01,-5.429550e-01,8.527192e-01
5.007432e+00,4.143210e+00,2.288157e+00,1.607614e-01,8.075342e-02,5.889472e-02,1.892985e-01
4.924665e+00,5.601936e+00,9.658378e+00,-2.254577e-01,3.831808e-01,-4.411224e-01,6.262968e-01
5.912212e+00,6.129413e+00,1.314036e-02,-2.738033e-01,5.199067e-01,-1.276953e-01,6.013130e-01
6.885364e+00,5.890771e+00,9.558408e+00,-3.025675e-01,1.423061e-01,-2.446451e-01,4.143058e-01
6.018925e+00,6.349648e+00,1.060944e+00,2.041953e-01,1.106937e-01,5.454695e-01,5.928624e-01
7.695461e+00,6.563576e+00,1.119031e+00,2.603758e-01,5.702848e-01,-1.178021e-01,6.378853e-01
6.547683e+00,7.705691e+00,8.291206e+00,-3.354997e-01,-6.050959e-01,-4.597910e-01,8.307280e-01
8.583256e+00,5.442076e+00,2.009663e+00,-3.478577e-01,2.768173e-02,1.358568e-01,3.744707e-01
8.656201e+00,5.861483e+00,9.738246e-01,3.039854e-01,-4.910586e-02,4.321803e-01,5.306584e-01
8.581393e+00,8.571619e+00,7.916781e+00,4.081588e-02,-2.407852e-01,-5.483424e-01,6.002690e-01
2.314488e+00,6.523648e+00,1.981532e+00,6.231199e-01,-7.011862e-03,5.101917e-02,6.252444e-01
9.516325e+00,6.606232e+00,2.630464e+00,-2.260300e-01,2.020214e-01,2.203013e-01,3.747464e-01
7.974524e+00,7.529644e+00,9.020515e+00,-2.085161e-01,-8.992953e-02,3.783446e-01,4.412606e-01
3.216861e+00,5.860492e+00,1.521624e+00,4.138566e-01,2.561886e-01,-4.014811e-01,6.309493e-01
3.333051e+00,1.607570e+00,8.866181e+00,-1.314390e-01,1.485133e-01,-3.399754e-01,3.935933e-01
2.261572e+00,4.771696e+00,3.025848e+00,5.402689e-02,3.687956e-01,-3.315737e-03,3.727466e-01
3.306084e+00,6.951448e+00,2.029635e+00,6.259849e-01,4.682968e-01,-1.338589e-01,7.931439e-01
4.870148e+00,4.855882e+00,5.027964e-01,-2.415159e-01,-4.159725e-01,4.726781e-01,6.743794e-01
5.859937e+00,7.191177e+00,3.950000e-01,-3.679873e-01,-4.513551e-01,4.242026e-02,5.838969e-01
5.089729e+00,6.955934e+00,1.155138e+00,-1.556682e-02,-2.144136e-01,-1.935122e-01,2.892447e-01
6.313397e+00,2.817311e+00,1.947370e+00,7.955098e-02,1.726877e-04,3.655632e-01,3.741188e-01
5.157770e+00,6.114179e+00,8.696134e+00,4.635932e-01,-2.991971e-01,-3.755756e-01,6.674538e-01
7.535027e+00,8.132488e+00,8.065873e+00,-5.800864e-02,4.543841e-01,2.575420e-01,5.255071e-01
6.737925e+00,7.154556e+00,1.298550e+00,-1.270216e-01,-6.946575e-02,1.585082e-01,2.146737e-01
6.916184e+00,7.633411e+00,2.893291e-01,2.817606e-01,3.215372e-01,3.397960e-01,5.461104e-01
7.816674e+00,6.969947e+00,8.148009e-02,-3.258441e-01,3.580119e-01,3.377619e-01,5.902796e-01
7.973542e+00,8.646653e+00,8.935398e+00,2.142036e-01,-1.221256e-02,2.574004e-01,3.350930e-01
7.446164e+00,7.059101e+00,8.207985e+00,4.044883e-01,-1.078705e-01,2.915409e-02,4.196389e-01
7.042472e+00,7.025723e+00,9.301013e+00,-4.419703e-01,-7.121499e-01,4.238908e-01,9.392436e-01
9.014985e+00,7.921264e+00,8.818849e+00,-6.555023e-02,3.482585e-01,1.979945e-01,4.059343e-01
3.971966e+00,1.673209e+00,1.604728e+00,-6.350496e-01,3.865299e-01,3.152152e-01,8.074986e-01
4.342557e-01,6.517552e+00,3.327166e+00,-4.762793e-01,-5.025238e-01,-2.753332e-01,7.451043e-01
1.492333e-01,2.236157e+00,5.184232e+00,-1.288301e-01,5.735511e-02,1.606645e-01,2.137753e-01
3.033867e+00,2.484522e+00,8.139856e+00,-3.439647e-01,-4.747575e-01,-2.120397e-01,6.234318e-01
4.614086e+00,2.518461e+00,1.433286e+00,4.715542e-01,-1.886255e-01,3.613106e-01,6.232883e-01
5.071883e+00,1.563430e+00,1.399905e+00,6.833927e-01,-4.798939e-01,-3.577101e-01,9.084494e-01
3.501221e+00,2.675670e+00,1.601745e+00,-5.261515e-01,1.601453e-01,5.756857e-02,5.529883e-01
5.769668e+00,2.383763e+00,1.148021e+00,8.289587e-02,-3.502929e-02,-5.977728e-01,6.045090e-01
5.327248e+00,3.246572e+00,1.741682e+00,6.120819e-01,3.641138e-01,5.225298e-01,8.833236e-01
5.136504e+00,2.134385e+00,3.422790e+00,2.219322e-01,-9.716710e-02,-3.143169e-01,3.968507e-01
5.313202e+00,2.270275e+00,2.265930e+00,3.485900e-01,-1.672520e-01,5.592457e-02,3.906607e-01
4.201692e+00,1.877995e+00,4.017684e+00,2.235742e-01,1.247391e-01,4.305809e-01,5.009443e-01
5.932029e+00,2.488696e+00,4.239038e+00,-2.934139e-02,2.920093e-01,-4.955383e-01,5.759241e-01
6.228557e+00,1.997461e+00,5.291769e+00,-6.401742e-01,2.370067e-01,2.775073e-01,7.368890e-01
6.380825e+00,3.131236e+00,5.045290e+00,-1.730769e-01,8.112508e-02,4.861975e-01,5.224222e-01
7.819455e+00,8.173347e+00,9.910076e+00,3.918972e-01,1.410873e-01,1.744916e-01,4.515931e-01
2.965369e+00,1.470779e+00,7.734956e+00,3.109027e-01,-3.051044e-01,1.744324e-02,4.359512e-01
9.367221e+00,1.542958e+00,4.909125e+00,4.664320e-05,-1.221265e-01,9.560690e-02,1.550986e-01
6.007255e+00,2.868664e+00,6.106702e+00,1.704901e-01,8.304840e-02,2.941635e-01,3.499944e-01
1.914622e+00,1.042772e+00,7.595186e+00,-6.030139e-02,-1.765610e-01,3.956529e-01,4.374371e-01
3.319255e+00,3.079039e+00,2.654815e+00,1.931467e-01,3.412075e-01,1.405247e-02,3.923336e-01
3.225718e+00,2.252883e+00,3.540433e+00,5.827161e-02,-1.591694e-02,6.364044e-01,6.392648e-01
9.914586e+00,3.708729e+00,4.253570e+00,-4.306821e-01,-2.161739e-02,2.875621e-01,5.183111e-01
2.942455e+00,3.083312e+00,6.792463e-01,5.211017e-02,-6.076901e-02,-2.353879e-01,2.486278e-01
4.278182e+00,3.414256e+00,1.912047e+00,-1.062221e-01,3.105787e-02,-1.498294e-01,1.862701e-01
4.151106e+00,2.836175e+00,3.400378e+00,2.085063e-01,2.036986e-01,2.410964e-01,3.782797e-01
2.256901e+00,2.748795e+00,3.439653e+00,1.628285e-01,-7.966927e-02,1.585455e-01,2.408256e-01
5.148208e+00,3.098224e+00,6.206753e-01,-3.931410e-01,-4.744241e-01,-1.251437e-01,6.287281e-01
6.035477e+00,2.661918e+00,3.035538e+00,2.033509e-01,-2.059001e-01,-1.851913e-01,3.435728e-01
4.822006e+00,2.733282e+00,4.311231e+00,-5.999852e-01,1.545286e-02,6.392881e-01,8.768753e-01
4.553672e+00,3.717633e+00,4.012858e+00,1.699390e-01,-5.791355e-02,-4.612632e-01,4.949718e-01
7.724681e+00,3.172986e+00,3.698978e+00,1.712111e-01,5.454509e-02,-1.293444e-01,2.214010e-01
5.721437e+00,5.706952e+00,4.937024e+00,5.062522e-02,2.510665e-01,-1.650263e-01,3.046818e-01
5.040939e+00,3.854622e+00,5.775623e+00,2.028903e-01,2.492071e-01,-3.153270e-01,4.502220e-01
5.408797e+00,3.712666e+00,4.705963e+00,-3.411170e-01,5.863154e-01,5.343641e-01,8.635228e-01
7.015506e+00,4.196678e+00,2.882347e+00,9.987643e-02,2.329620e-01,-5.005416e-01,5.610601e-01
8.746387e+00,3.474211e+00,2.753239e+00,-2.444210e-01,2.618974e-01,-1.943961e-01,4.075803e-01
8.176082e+00,1.817487e+00,5.088792e+00,-5.815666e-01,-7.629462e-02,-6.876973e-01,9.038630e-01
5.536130e+00,4.707630e+00,5.386577e+00,-1.140336e-01,5.356862e-01,5.034596e-01,7.439321e-01
9.497952e+00,3.720595e+00,1.862682e+00,4.346573e-01,7.275672e-02,-2.707891e-01,5.172498e-01
9.548475e+00,4.345222e+00,2.734939e+00,-5.611507e-01,-2.669835e-01,1.695100e-01,6.441304e-01
4.407615e-01,4.236849e+00,3.339883e+00,-4.789503e-01,-1.977067e-01,-3.101078e-01,6.038611e-01
8.708667e+00,4.925081e+00,2.997154e+00,8.150784e-01,-3.171173e-02,-2.543937e-01,8.544440e-01
9.084736e+00,4.070674e+00,3.673975e+00,3.131429e-01,4.826571e-01,-2.541780e-01,6.289856e-01
2.243204e+00,3.462326e+00,2.683710e+00,9.197960e-01,-2.879608e-01,-1.464461e-01,9.748808e-01
4.171415e+00,3.793749e+00,2.892089e+00,-3.355903e-01,1.842509e-01,-2.353176e-01,4.493814e-01
3.147833e+00,4.143603e+00,2.837003e+00,-2.262619e-01,3.886406e-01,2.238786e-01,5.023521e-01
6.621083e+00,3.375658e+00,3.752915e+00,1.093031e-01,-1.788873e-02,6.181407e-02,1.268391e-01
6.041397e+00,3.659927e+00,2.694262e+00,4.670295e-02,5.754356e-01,-6.503649e-01,8.696446e-01
5.546660e+00,3.355689e+00,3.719383e+00,3.320134e-01,-1.363848e-01,-5.127853e-01,6.259253e-01
5.095059e+00,4.348633e+00,3.325999e+00,-2.024766e-01,-9.649047e-01,3.126726e-02,9.864155e-01
6.790350e+00,4.970050e+00,1.820817e+00,1.893983e-01,-1.136437e-01,3.238930e-01,3.920374e-01
6.081180e+00,5.724129e+00,2.247481e+00,-3.961775e-01,-1.274142e-01,2.595041e-02,4.169705e-01
6.712233e+00,6.476650e+00,2.764809e+00,-3.524747e-01,8.866618e-02,3.427901e-01,4.996050e-01
5.903215e+00,5.316404e+00,1.283364e+00,-1.739171e-01,-8.204224e-02,-4.530320e-02,1.975613e-01
7.734493e+00,5.210159e+00,3.367822e+00,-1.955562e-01,-1.248177e-02,-5.312739e-01,5.662596e-01
8.642110e+00,5.983017e+00,2.936811e+00,9.496329e-03,-3.790234e-01,2.790411e-02,3.801678e-01
7.547737e+00,5.364869e+00,4.469410e+00,2.415019e-01,6.748977e-02,-2.395131e-01,3.467630e-01
7.200722e+00,6.037603e+00,3.686237e+00,3.230002e-01,-2.407481e-01,-2.718802e-01,4.860120e-01
9.419536e+00,6.058627e+00,3.656886e+00,5.997856e-01,-1.881820e-01,-3.454799e-01,7.172946e-01
4.786034e-01,6.071746e+00,2.288645e+00,-1.696977e-01,-6.441756e-02,-3.380660e-01,3.837129e-01
5.129796e-01,5.435490e+00,3.374594e+00,-4.677527e-02,-1.690136e-01,4.253240e-01,4.600587e-01
8.933457e+00,6.677261e+00,4.467360e+00,5.271068e-01,2.228156e-01,6.987931e-01,9.032166e-01
1.407402e+00,4.280820e+00,2.702593e+00,1.420792e-01,-3.620854e-01,-2.985794e-02,3.901075e-01
2.346181e+00,5.824883e+00,2.966398e+00,1.685141e-01,4.716214e-01,4.512192e-01,6.741088e-01
4.177466e+00,4.845113e+00,2.895859e+00,6.588936e-01,4.991514e-01,2.466555e-01,8.626308e-01
1.440989e+00,6.028795e+00,3.533969e+00,1.329963e-02,-2.183701e-02,-3.998965e-01,4.007131e-01
3.283164e+00,5.321409e+00,3.493591e+00,4.751903e-01,7.269482e-02,1.992645e-01,5.203813e-01
5.078388e+00,6.057647e+00,1.856714e+00,-4.482348e-01,-6.932490e-01,4.934488e-01,9.617694e-01
5.101041e+00,5.293886e+00,2.610415e+00,6.143178e-01,-9.816899e-02,-3.142362e-01,6.969706e-01
2.889977e+00,6.305854e+00,3.765019e+00,6.115903e-02,1.444865e-01,-1.874061e-01,2.444132e-01
6.800292e+00,5.555208e+00,6.012628e-01,-8.028598e-02,7.764138e-03,-1.613999e-01,1.804329e-01
6.877310e+00,6.107744e+00,1.641895e+00,4.287111e-01,-1.769054e-01,6.553513e-02,4.683840e-01
6.121743e+00,6.259475e+00,3.796100e+00,2.992206e-01,3.419562e-02,5.743962e-02,3.065968e-01
5.744414e+00,5.345067e+00,3.436412e+00,-2.911987e-01,2.921116e-02,6.679378e-01,7.292400e-01
7.676569e+00,5.881329e+00,2.427056e+00,8.719736e-02,-3.010069e-01,-2.417453e-01,3.957895e-01
9.496497e+00,6.023203e+00,1.665528e+00,1.181046e-02,1.878413e-01,-2.251006e-01,2.934180e-01
8.305354e+00,5.995304e+00,3.912519e+00,-5.991878e-02,1.206016e-01,-1.678427e-01,2.151887e-01
7.803185e+00,6.744584e+00,3.126307e+00,-3.394760e-01,4.329521e-01,-3.335092e-01,6.433660e-01
8.703733e+00,6.967578e+00,8.705396e-01,-4.147251e-01,-7.991804e-01,1.872936e-01,9.196549e-01
2.429323e+00,6.907173e+00,2.941710e+00,-4.110290e-02,-4.026289e-01,-3.617598e-01,5.428348e-01
1.382653e+00,6.578301e+00,2.637738e+00,-2.717607e-01,-5.511151e-01,-3.402994e-01,7.024140e-01
9.834702e+00,8.103725e+00,4.312619e+00,-2.316486e-01,-5.437983e-01,-9.286638e-02,5.983325e-01
1.406673e+00,5.444058e+00,2.640721e+00,2.719352e-02,1.968577e-01,-4.991699e-02,2.049003e-01
3.371748e+00,6.100628e+00,2.725095e+00,4.301115e-01,-5.602457e-01,1.789692e-01,7.286297e-01
1.152184e+00,5.501840e+00,4.410455e+00,-4.242207e-01,3.533440e-01,-6.138422e-01,8.256012e-01
2.028738e+00,6.389665e+00,4.383062e+00,-1.018006e-01,-2.541514e-01,4.654259e-01,5.399792e-01
4.151005e+00,5.619117e+00,2.151605e+00,-6.306093e-01,-7.080234e-02,6.286514e-02,6.376779e-01
4.184310e+00,6.365535e+00,1.318926e+00,8.444227e-02,-3.906509e-01,-1.432439e-01,4.245673e-01
4.376682e+00,5.830565e+00,3.184046e+00,3.872393e-02,-2.378063e-02,-5.429257e-01,5.448241e-01
3.481944e+00,7.079977e+00,3.302728e+00,-3.052670e-02,-4.014493e-01,-5.223825e-01,6.595278e-01
5.889025e+00,6.792051e+00,2.047877e+00,-5.075969e-01,9.089103e-02,1.579064e-01,5.393053e-01
7.496598e+00,6.974147e+00,2.067662e+00,-9.538636e-02,-2.635462e-01,-2.893260e-01,4.028209e-01
8.545409e+00,6.540474e+00,1.909904e+00,1.474622e-01,1.489565e-01,2.706275e-03,2.096199e-01
5.342507e+00,6.311250e+00,2.910875e+00,-1.961896e-01,-5.640575e-01,1.987923e-01,6.294200e-01
7.722678e+00,7.650729e+00,1.047804e+00,9.282247e-02,2.168991e-01,3.373134e-01,4.116328e-01
8.768571e+00,7.487471e+00,9.844585e+00,4.867450e-01,3.312958e-01,-1.062234e-01,5.982984e-01
8.779337e+00,6.959176e+00,3.429155e+00,-6.448382e-02,1.108744e-01,-7.447484e-02,1.483165e-01
9.023355e+00,8.460120e+00,4.979451e+00,-2.540922e-01,2.690654e-02,-1.894540e-01,3.180875e-01
9.678841e+00,4.431698e-01,4.980122e+00,-1.521125e-01,-2.740541e-01,8.993497e-02,3.260862e-01
4.841686e-01,1.202223e+00,5.020850e+00,-9.431311e-02,-4.549586e-02,3.624972e-01,3.773182e-01
7.562231e-01,5.760091e-02,5.285892e+00,-1.720007e-01,-4.082892e-01,-8.284346e-01,9.394616e-01
9.850515e+00,1.118279e+00,5.881286e+00,3.020708e-02,-3.700170e-01,-1.755312e-01,4.106534e-01
1.566031e+00,7.088331e+00,3.580690e+00,4.870490e-01,-3.432283e-01,7.945078e-03,5.958905e-01
4.159656e+00,2.402320e+00,2.447588e+00,-2.692311e-01,6.408853e-01,-5.595365e-04,6.951400e-01
2.570099e+00,1.049719e+00,5.787138e+00,1.995280e-01,-4.397511e-01,-8.583128e-01,9.848316e-01
1.448750e+00,9.025466e-01,5.526982e+00,-2.042835e-01,3.926741e-01,-1.422007e-01,4.649147e-01
3.412004e+00,1.891233e+00,4.843399e+00,-2.796747e-01,6.673250e-02,-1.559424e-01,3.270920e-01
5.189542e+00,1.768891e+00,4.608929e+00,-4.882581e-02,1.886587e-01,-3.761091e-01,4.235966e-01
3.744391e+00,2.836327e+00,4.339714e+00,2.263084e-01,3.412816e-01,-1.326006e-01,4.304318e-01
2.320445e+00,1.697507e+00,4.915221e+00,-4.436981e-01,-1.039835e-01,-2.016952e-01,4.983588e-01
5.171155e+00,1.877604e+00,5.754835e+00,9.569218e-02,-6.425680e-01,2.616027e-01,7.003475e-01
5.401846e+00,2.765919e+00,5.188029e+00,1.031939e+00,6.633341e-02,2.546100e-01,1.064952e+00
7.895406e+00,1.779544e+00,6.125430e+00,-5.806095e-01,-1.978191e-01,-3.216804e-01,6.926168e-01
4.345182e+00,2.300204e+00,5.175389e+00,-2.403759e-01,-3.218527e-01,-3.166165e-02,4.029544e-01
6.952995e+00,1.329053e+00,5.836373e+00,1.533118e-01,-2.555811e-02,1.647071e-01,2.264644e-01
8.859783e+00,1.464348e+00,5.894235e+00,5.444848e-01,-9.651967e-02,-3.880489e-01,6.755455e-01
8.933294e+00,3.010962e-01,5.725418e+00,1.005234e-01,2.092699e-01,3.460709e-01,4.167300e-01
7.242856e+00,2.447259e+00,5.030554e+00,7.763186e-01,2.809183e-01,-2.002843e-01,8.495290e-01
9.491380e+00,2.744267e+00,4.479452e+00,2.942669e-01,2.817654e-01,4.165780e-01,5.826852e-01
1.638636e+00,2.996224e+00,4.325037e+00,3.125179e-01,3.508492e-01,3.252451e-01,5.714429e-01
1.826832e+00,1.901001e+00,5.871060e+00,2.751576e-01,3.483465e-01,2.952068e-01,5.331079e-01
6.401901e-01,3.147008e+00,4.841133e+00,-8.292359e-02,2.365389e-01,1.400784e-01,2.871393e-01
2.642378e+00,2.616515e+00,4.458473e+00,-4.528273e-01,2.119921e-02,-2.753191e-01,5.303797e-01
2.792046e+00,3.901598e+00,5.645960e+00,-1.200997e-01,-3.080621e-01,-3.224574e-01,4.618495e-01
2.457654e+00,3.692227e+00,4.615622e+00,1.667288e-01,1.494789e-01,-4.575670e-01,5.094213e-01
1.520217e+00,3.743134e+00,5.196084e+00,-1.142205e-02,-5.442336e-03,-5.661202e-02,5.800865e-02
3.108386e+00,3.437455e+00,3.669855e+00,-6.632683e-02,-3.754439e-01,1.796662e-01,4.214704e-01
4.010914e+00,3.535801e+00,6.055879e+00,-4.750002e-02,8.645594e-02,-1.071536e-01,1.456461e-01
3.905455e+00,2.467690e+00,6.165429e+00,-1.693754e-01,-4.707040e-01,2.082779e-01,5.418763e-01
2.948716e+00,3.045785e+00,6.296693e+00,-2.890903e-01,8.533352e-02,-1.428625e-01,3.335637e-01
4.420931e+00,3.361638e+00,5.054960e+00,4.528004e-01,3.373661e-01,-2.651288e-01,6.238087e-01
6.811867e+00,5.330084e+00,2.903717e+00,-4.055191e-01,-2.959772e-02,-5.520017e-01,6.855856e-01
4.910152e+00,2.901921e+00,6.159090e+00,4.987711e-02,4.877702e-01,1.509302e-01,5.130179e-01
5.434500e+00,4.533757e+00,6.471785e+00,3.104311e-01,-2.268479e-01,2.072970e-01,4.368060e-01
7.340566e+00,3.459328e+00,4.632855e+00,-1.440691e-01,2.060526e-01,3.770865e-01,4.532193e-01
1.215819e+00,2.021289e+00,4.943263e+00,-3.004625e-01,1.019540e-01,-5.792729e-01,6.604767e-01
9.281079e+00,1.551759e+00,6.957892e+00,-4.031772e-01,2.411377e-02,4.090958e-01,5.748850e-01
6.453195e+00,4.147830e+00,4.625741e+00,6.453259e-02,1.314547e-01,2.687281e-01,3.060385e-01
8.017753e+00,4.133786e+00,3.225486e+00,-2.375960e-01,-9.270131e-02,1.013246e-01,2.744304e-01
3.976826e-01,4.741132e+00,4.341722e+00,-1.324599e-01,-5.438412e-01,6.411474e-01,8.511045e-01
9.469351e-01,4.854792e+00,5.270090e+00,-6.146842e-01,1.904705e-01,4.307384e-01,7.743715e-01
9.320419e+00,4.523002e+00,4.664769e+00,1.899422e-01,6.630303e-01,6.438905e-02,6.926999e-01
1.018619e+00,3.889490e+00,4.200620e+00,4.314760e-01,4.590617e-01,-1.073769e-01,6.390923e-01
3.736641e+00,4.320694e+00,3.695419e+00,4.365580e-02,2.789328e-01,2.508237e-01,3.776531e-01
3.740420e+00,4.429735e+00,5.481033e+00,2.079070e-01,1.333539e-01,3.897758e-01,4.614474e-01
1.987530e+00,3.843226e+00,3.661667e+00,-7.050218e-02,7.418539e-02,-2.135611e-01,2.368172e-01
3.517074e+00,3.833268e+00,4.636585e+00,-4.541195e-01,5.205157e-02,-5.475626e-01,7.132732e-01
4.681678e+00,5.491289e+00,5.038851e+00,1.903209e-01,9.826345e-01,-6.977769e-02,1.003325e+00
3.752045e+00,4.483293e+00,6.603770e+00,3.809660e-01,1.482009e-01,-4.292553e-03,4.087995e-01
4.569095e+00,4.890615e+00,5.910943e+00,9.602077e-02,-2.915514e-01,-2.325859e-01,3.851213e-01
4.538231e+00,4.434345e+00,4.811731e+00,2.369338e-01,2.031334e-01,5.387159e-01,6.225878e-01
5.060833e+00,5.989761e+00,4.011490e+00,-1.004552e-01,-3.316148e-01,-1.494303e-01,3.773448e-01
7.282821e+00,4.518439e+00,6.113300e+00,3.173036e-01,2.022191e-01,8.287266e-02,3.852817e-01
6.550052e+00,5.059121e+00,5.255962e+00,-1.103537e-01,2.996595e-01,-2.732606e-01,4.202917e-01
6.530271e+00,5.180427e+00,4.118460e+00,-2.479194e-01,-2.186962e-01,-3.492584e-01,4.809090e-01
8.493544e+00,4.909526e+00,4.037213e+00,-5.034647e-02,1.441701e-02,2.336343e-01,2.394318e-01
8.343595e+00,3.923703e+00,4.430513e+00,-4.241419e-01,2.497598e-01,-2.622821e-01,5.577349e-01
7.260775e+00,4.371888e+00,3.939760e+00,5.456564e-01,1.647277e-01,6.466355e-02,5.736353e-01
9.580120e+00,4.988245e+00,3.669833e+00,-7.227677e-01,6.965080e-02,3.161218e-01,7.919453e-01
1.458840e-01,5.825006e+00,4.373594e+00,-4.836434e-01,-1.534764e-01,3.234189e-01,6.017190e-01
9.923655e+00,5.262206e+00,5.192038e+00,-5.267766e-01,-1.847829e-01,1.438025e-02,5.584309e-01
9.908237e+00,6.851698e+00,4.212082e+00,-2.650451e-01,8.236909e-01,3.111538e-01,9.195283e-01
1.336953e+00,4.813520e+00,3.618236e+00,7.650679e-01,-2.951282e-01,1.238739e-02,8.201116e-01
7.489730e-01,5.952029e+00,5.292183e+00,-1.496934e-01,5.306853e-01,-1.527277e-01,5.721545e-01
2.726224e+00,4.767826e+00,5.039904e+00,-2.308324e-01,1.592712e-01,-5.707819e-02,2.861971e-01
1.634652e+00,7.347561e+00,4.673133e+00,2.106001e-01,-3.165247e-01,2.885235e-01,4.772694e-01
2.758184e+00,4.511730e+00,4.001266e+00,2.697856e-01,-9.093842e-01,2.399842e-01,9.784458e-01
4.498110e+00,5.044383e+00,3.917404e+00,5.151275e-01,4.057782e-01,1.602561e-01,6.750513e-01
3.591321e+00,4.996741e+00,4.561318e+00,-2.235663e-01,3.168076e-01,1.907666e-01,4.321352e-01
2.242503e+00,5.423427e+00,3.987515e+00,-1.191230e-01,-2.880651e-01,2.903119e-01,4.259728e-01
5.988039e+00,4.714195e+00,2.503122e+00,1.670764e-01,-2.918958e-02,3.882046e-01,4.236382e-01
6.211694e+00,4.319577e+00,3.561230e+00,2.816882e-01,-2.233618e-01,-1.023585e-01,3.737861e-01
7.464500e+00,5.444769e+00,5.556211e+00,-1.561069e-01,1.566204e-01,4.797347e-01,5.282468e-01
5.498438e+00,4.768753e+00,4.343339e+00,1.763865e-02,4.642915e-02,2.125772e-02,5.402479e-02
8.197961e+00,6.073474e+00,5.035367e+00,-5.145000e-02,3.027823e-01,-3.794970e-01,4.882030e-01
7.889699e+00,6.885387e+00,4.399876e+00,-3.295893e-01,4.806562e-03,-2.228988e-01,3.979147e-01
9.072250e+00,5.623369e+00,4.608769e+00,1.863702e-01,-1.125328e+00,-5.674581e-01,1.274011e+00
8.271187e+00,4.993646e+00,6.201467e+00,-1.454577e-01,-3.530984e-01,-5.348266e-02,3.856122e-01
9.837945e+00,7.472531e+00,3.352669e+00,3.030745e-01,-2.975217e-03,-3.251795e-01,4.445275e-01
7.306273e-01,7.548076e+00,4.089550e+00,9.686902e-02,2.527636e-01,2.756034e-01,3.863033e-01
5.059277e-01,7.188479e+00,5.154377e+00,-2.651756e-01,-5.712010e-02,-2.517668e-01,3.700910e-01
7.449026e-03,8.235664e+00,5.467759e+00,-1.796118e-02,2.157740e-01,-9.028487e-02,2.345898e-01
9.718028e-01,6.539943e+00,4.390161e+00,-5.653000e-02,3.036771e-01,3.742308e-01,4.852465e-01
9.757945e+00,9.276491e+00,5.212800e+00,5.685485e-01,-1.873494e-01,1.218075e-01,6.108881e-01
1.641180e+00,6.550118e+00,5.432007e+00,3.253167e-01,-9.145360e-02,4.882226e-02,3.414357e-01
1.085515e+00,8.139948e+00,5.119706e+00,1.205025e-01,3.763906e-01,1.765494e-01,4.328515e-01
2.557571e+00,7.325678e+00,4.002145e+00,-4.211987e-01,-4.448798e-01,-1.254018e-01,6.253415e-01
4.289576e+00,6.677458e+00,2.502372e+00,1.966135e-01,4.253500e-01,-1.992328e-01,5.091888e-01
4.014783e+00,6.024520e+00,4.272607e+00,1.467267e-01,-3.489621e-01,-1.235936e-01,3.982193e-01
1.468717e+00,8.364364e+00,4.125329e+00,4.408139e-01,-3.555693e-01,2.079355e-02,5.667263e-01
4.472739e+00,6.843735e+00,3.702277e+00,4.843200e-02,-1.459533e-01,-2.838954e-01,3.228694e-01
7.005991e+00,2.456292e+00,6.054349e+00,-1.797674e-01,-1.768591e-01,-1.757281e-01,3.073692e-01
3.440104e+00,6.893040e+00,4.456121e+00,-2.320289e-01,-2.295576e-01,-4.616012e-01,5.653404e-01
2.171323e+00,8.300843e+00,4.969303e+00,-2.705163e-01,2.927855e-01,3.029412e-02,3.997751e-01
8.774532e+00,7.703241e+00,4.191330e+00,3.619372e-02,1.627747e-01,-7.301278e-01,7.489273e-01
8.846591e+00,9.672704e+00,4.725070e+00,-6.174544e-02,4.210224e-01,5.684210e-01,7.100527e-01
8.833574e+00,6.784875e+00,5.594795e+00,2.607417e-01,3.316619e-01,1.975611e-01,4.658500e-01
8.622342e+00,8.183273e-01,4.803405e+00,-4.672941e-01,-2.977886e-01,5.636521e-01,7.904084e-01
9.915213e+00,9.962503e+00,5.957141e+00,-3.096413e-02,-3.303862e-01,-2.668865e-02,3.329056e-01
7.399372e-01,6.414007e-01,6.265955e+00,1.030540e-01,2.489049e-01,9.449436e-03,2.695608e-01
1.795881e+00,6.570104e-01,6.582379e+00,3.870989e-01,1.295720e-01,1.359900e-01,4.302647e-01
9.136728e+00,9.697790e+00,6.715851e+00,1.642788e-01,-9.628019e-02,1.123336e-01,2.210797e-01
1.484992e+00,9.152879e+00,5.042939e+00,-2.215546e-02,-1.845656e-01,-1.819259e-01,2.601007e-01
3.378329e+00,2.972625e+00,5.323068e+00,1.314315e-01,-3.062525e-01,2.764305e-02,3.344084e-01
1.605740e+00,8.599510e+00,5.999020e+00,2.003396e-02,5.160018e-02,2.538298e-01,2.597951e-01
3.322720e+00,3.975502e+00,8.030648e+00,-1.924395e-01,8.070406e-02,2.909198e-01,3.580230e-01
1.421783e+00,1.633027e+00,6.790277e+00,-5.076228e-01,-2.207716e-01,-8.001176e-02,5.593057e-01
5.597392e+00,2.563070e+00,7.042226e+00,-5.061057e-01,-2.841764e-01,-5.083949e-02,5.826524e-01
4.996366e+00,2.143720e+00,7.856598e+00,7.338776e-03,-1.757728e-01,-8.835559e-02,1.968670e-01
3.746678e+00,1.507182e+00,6.843373e+00,-6.787205e-01,-2.547086e-01,5.229064e-01,8.938507e-01
7.072212e+00,1.575626e-01,5.901046e+00,1.483927e-01,-3.599344e-02,4.284157e-01,4.548142e-01
6.097327e+00,1.783719e+00,6.402384e+00,-2.890548e-01,2.218264e-02,-8.128159e-01,8.629684e-01
7.585543e+00,8.310688e-01,6.606345e+00,-4.059308e-01,-3.390733e-01,4.648382e-01,7.041485e-01
4.993682e+00,1.088944e+00,7.755826e+00,9.056353e-02,8.510848e-02,8.595876e-03,1.245757e-01
7.920913e+00,8.269654e-01,5.588651e+00,4.846146e-01,-1.934141e-01,-1.855872e-01,5.538077e-01
9.066846e+00,2.462866e+00,5.467132e+00,8.920677e-02,-8.385202e-02,-2.234422e-01,2.547850e-01
8.087120e+00,9.885363e+00,6.335292e+00,-6.512178e-01,-5.457086e-02,9.821624e-02,6.608397e-01
8.690507e+00,7.256016e-01,6.668711e+00,1.759536e-02,-1.629356e-01,1.829197e-01,2.455957e-01
7.665411e-01,1.767484e+00,5.946492e+00,-5.069599e-01,4.118510e-01,1.065060e-01,6.617954e-01
1.190571e+00,2.817027e+00,5.744775e+00,-2.315369e-01,8.563080e-02,-3.414516e-01,4.213444e-01
2.921914e+00,2.063748e+00,5.862349e+00,7.557973e-01,3.223682e-01,-5.167298e-01,9.706495e-01
7.611594e-02,3.154567e+00,5.822404e+00,9.725310e-02,-2.240446e-01,-3.240428e-01,4.057806e-01
2.220626e+00,2.877555e+00,5.373826e+00,2.956199e-01,-3.878331e-01,-2.914892e-01,5.681299e-01
1.906682e+00,3.621734e+00,6.208476e+00,3.231031e-01,-1.347782e-01,-4.436044e-01,5.651068e-01
3.228050e+00,2.404310e+00,7.083441e+00,-9.993919e-02,-5.114430e-02,3.625430e-02,1.179744e-01
1.979681e+00,2.645592e+00,6.627955e+00,-1.773802e-01,5.692500e-02,2.605935e-01,3.203329e-01
3.807743e+00,1.503344e+00,5.741821e+00,2.623249e-01,-7.530604e-02,-1.760463e-01,3.247732e-01
5.740903e+00,3.603819e+00,6.780258e+00,-3.517983e-01,8.087013e-02,3.096885e-01,4.756143e-01
4.859322e+00,1.793316e+00,6.785259e+00,-2.873505e-01,1.673070e-01,2.427700e-01,4.117028e-01
4.682137e+00,3.823653e+00,6.845678e+00,-1.215062e-03,1.622704e-01,6.678497e-01,6.872819e-01
5.924191e+00,1.619124e+00,7.492427e+00,1.394494e-01,-2.116923e-01,2.770461e-03,2.535102e-01
6.298328e+00,4.049800e+00,5.840139e+00,5.371182e-02,-3.706544e-01,-2.170079e-01,4.328534e-01
7.691320e+00,2.647326e+00,6.818305e+00,1.168307e-01,-3.594524e-01,-2.983947e-02,3.791383e-01
6.785165e+00,5.263162e+00,7.593607e+00,1.248537e-02,3.966683e-01,2.477758e-01,4.678616e-01
8.062656e+00,2.802840e+00,5.813226e+00,1.683760e-01,1.763746e-01,-1.369292e-03,2.438449e-01
8.782451e+00,2.999173e+00,3.725719e+00,4.315944e-02,5.724341e-02,-9.270078e-02,1.171878e-01
8.749780e+00,2.378827e+00,6.519038e+00,-1.550259e-01,-5.219564e-01,-2.878730e-01,6.159077e-01
7.232508e+00,3.449174e+00,5.671179e+00,1.926390e-01,-3.452405e-01,4.915337e-01,6.307980e-01
1.835517e-01,4.101379e+00,5.264871e+00,-7.674570e-02,1.893209e-01,-2.923817e-01,3.566782e-01
1.286989e+00,5.599209e+00,6.150331e+00,3.770641e-01,5.935118e-02,2.186259e-01,4.398832e-01
9.109670e-01,3.935794e+00,6.108891e+00,3.291327e-01,5.563057e-02,5.309992e-01,6.272028e-01
8.815584e+00,4.314849e+00,6.810036e+00,1.748940e-01,-1.673887e-01,2.378026e-01,3.393479e-01
1.878764e+00,4.609115e+00,5.718743e+00,-3.690405e-01,-1.372190e-01,-2.552079e-01,4.692025e-01
1.735898e+00,4.595844e+00,4.569119e+00,4.441428e-01,3.746915e-01,-1.177511e-01,5.928927e-01
2.584965e+00,3.158152e+00,7.350145e+00,-1.729284e-01,4.749464e-01,-3.892900e-02,5.069455e-01
9.289115e+00,5.267996e+00,6.678824e+00,5.987805e-01,1.313115e-01,-2.452655e-01,6.602545e-01
2.758871e+00,4.090524e+00,6.780248e+00,-1.468714e-01,1.526012e-01,6.800058e-01,7.122263e-01
7.191871e+00,4.294350e+00,8.002368e+00,5.399506e-01,-1.793790e-01,6.587833e-02,5.727682e-01
6.481511e+00,4.364804e+00,7.102975e+00,-7.230863e-02,2.734666e-01,2.624478e-01,3.858645e-01
6.142863e+00,4.612047e+00,8.253835e+00,-1.789822e-01,-2.397828e-02,-3.584601e-01,4.013766e-01
6.356155e+00,5.082781e+00,6.336480e+00,-6.407977e-03,6.485015e-02,-4.668579e-01,4.713840e-01
6.635242e+00,6.036103e+00,5.860339e+00,4.717353e-01,-2.564503e-01,3.563292e-02,5.381177e-01
7.797248e+00,5.259273e+00,8.160471e+00,-2.061319e-01,3.139171e-01,-6.366896e-01,7.391942e-01
6.375572e+00,6.086373e+00,6.928281e+00,-2.774867e-02,1.515652e-01,-1.449791e-01,2.115679e-01
7.393424e+00,4.453630e+00,5.022243e+00,7.413101e-02,-2.017416e-01,1.546053e-01,2.647600e-01
9.213975e+00,4.492567e+00,5.781958e+00,7.103175e-01,3.771102e-01,-2.881905e-01,8.542932e-01
9.228950e+00,3.545530e+00,5.124513e+00,-1.557291e-01,-5.223675e-01,1.009485e-01,5.543554e-01
7.683216e+00,4.691141e+00,7.116375e+00,-2.232474e-01,-1.248049e-01,1.261595e-01,2.851875e-01
1.544239e-01,4.864655e+00,6.109150e+00,-2.125164e-01,-2.655248e-01,-4.348724e-02,3.428670e-01
9.736859e+00,6.373845e+00,5.191484e+00,-2.461409e-01,2.542667e-01,-2.202044e-01,4.168056e-01
9.173345e+00,6.687577e+00,7.843664e+00,3.502465e-01,-2.873786e-01,-3.019217e-01,5.444408e-01
9.043339e+00,6.425117e+00,6.673809e+00,1.916780e-01,2.064152e-02,-6.782319e-02,2.043686e-01
9.991008e+00,5.987998e+00,6.212064e+00,3.281180e-01,1.736940e-01,2.769188e-01,4.631577e-01
1.909337e+00,5.555399e+00,5.196325e+00,1.009593e-01,3.454174e-01,-9.716891e-01,1.036188e+00
4.697646e-02,6.985105e+00,7.100272e+00,3.545022e-01,1.660775e-01,1.405664e-01,4.159476e-01
9.797947e+00,7.064691e+00,6.027247e+00,-6.239626e-01,3.429649e-01,-2.326034e-01,7.490385e-01
7.326024e+00,6.190336e+00,7.496765e+00,4.164473e-01,-3.286322e-01,5.739951e-02,5.335936e-01
2.836372e+00,4.987856e+00,6.085350e+00,-3.364857e-01,-4.667328e-01,1.375192e-01,5.915857e-01
5.163080e+00,5.075169e+00,8.412487e+00,-1.264679e-01,8.789798e-02,3.268795e-01,3.613452e-01
5.730402e+00,5.265065e+00,7.229433e+00,3.581521e-01,2.073649e-02,1.592882e-02,3.591053e-01
6.808069e+00,6.049806e+00,4.803049e+00,-3.622328e-01,-9.202252e-01,-7.653967e-02,9.919100e-01
7.479327e+00,6.876806e+00,5.446590e+00,3.313800e-01,5.583787e-01,-3.433709e-01,7.345088e-01
7.291629e+00,5.599417e+00,6.623956e+00,8.404603e-01,-6.483431e-01,2.900412e-01,1.100385e+00
7.144542e+00,6.717531e+00,6.488360e+00,-1.025046e-01,6.747758e-01,-3.708097e-01,7.767428e-01
8.341053e+00,4.940961e+00,5.081239e+00,7.833490e-02,-2.989395e-01,-3.493666e-01,4.664313e-01
8.133646e+00,7.336137e+00,6.248668e+00,-2.089855e-01,-1.077582e-02,8.401458e-01,8.658153e-01
8.992641e+00,5.692844e+00,5.683757e+00,-4.383146e-01,1.591191e-01,2.255501e-01,5.179879e-01
8.281350e+00,7.650659e+00,5.184305e+00,2.486766e-01,-3.595486e-01,1.520884e-01,4.628673e-01
9.448817e+00,7.435790e+00,5.041108e+00,-1.897858e-02,-5.640835e-02,4.304788e-01,4.345735e-01
6.647542e-01,9.020619e+00,5.737948e+00,-4.476004e-01,-9.992567e-03,-4.198182e-01,6.137534e-01
9.086096e+00,7.893878e+00,5.957877e+00,3.386687e-01,1.526484e-01,-2.027759e-01,4.232211e-01
9.029370e+00,8.547566e+00,6.920768e+00,-4.014685e-02,3.527303e-01,-2.385567e-01,4.277145e-01
8.014900e-01,6.683481e+00,6.156904e+00,1.897450e-01,-9.658247e-02,1.266682e-02,2.132880e-01
5.287580e-01,8.861383e+00,4.638982e+00,4.642634e-01,9.363145e-03,1.753463e-01,4.963613e-01
1.878416e+00,7.531661e+00,5.743086e+00,-1.439740e-01,1.542368e-01,4.994814e-03,2.110508e-01
1.419799e+00,9.732982e+00,6.069494e+00,-3.986029e-01,-5.937484e-01,-4.762099e-01,8.591841e-01
2.983471e+00,5.868766e+00,4.727852e+00,2.106594e-01,-4.173778e-01,-2.183907e-01,5.160195e-01
2.625818e+00,6.016714e+00,5.814459e+00,-1.854246e-01,4.517241e-01,-2.270821e-01,5.385194e-01
5.498374e+00,5.615346e+00,6.051961e+00,2.168536e-02,4.308591e-01,1.436531e-01,4.546933e-01
2.593971e+00,6.943653e+00,5.109285e+00,-2.306524e-01,8.667125e-02,2.686182e-01,3.645109e-01
3.635183e+00,5.525725e+00,5.490536e+00,-5.151286e-02,-3.974376e-01,1.746549e-01,4.371665e-01
7.970371e+00,9.803851e+00,5.288174e+00,-1.866402e-01,-6.014929e-01,1.122580e-01,6.397110e-01
7.334841e+00,9.113444e+00,6.152741e+00,9.848113e-02,1.222900e-01,5.510819e-02,1.664040e-01
6.145682e+00,9.814174e+00,7.622659e+00,-4.928616e-01,6.116589e-01,3.063640e-01,8.431477e-01
8.218073e+00,8.426964e+00,6.174958e+00,-1.382059e-01,-4.025017e-01,1.294040e-02,4.257651e-01
8.837485e+00,9.199685e+00,5.776171e+00,1.982466e-01,2.944718e-01,-6.970303e-02,3.617649e-01
7.194151e+00,8.019965e+00,6.368854e+00,2.935725e-01,-4.786306e-01,-3.854734e-01,6.810740e-01
7.946588e+00,8.690965e+00,5.183708e+00,-6.559350e-01,3.341585e-01,-1.565863e-02,7.363137e-01
9.745557e+00,5.936160e-01,6.850008e+00,-3.704012e-01,-8.971601e-01,-4.617034e-02,9.717124e-01
3.442663e-01,1.487584e+00,6.858144e+00,-8.868290e-01,3.157974e-01,-6.720290e-01,1.156640e+00
9.880058e+00,9.054591e+00,7.368148e+00,3.977320e-01,-5.423151e-01,7.070510e-01,9.758163e-01
5.342858e-01,9.728766e+00,6.765330e+00,-2.534715e-01,-2.858569e-01,-4.929365e-01,6.236573e-01
9.808778e+00,8.980695e+00,6.302648e+00,-4.014660e-01,-1.983053e-01,4.856564e-02,4.503982e-01
4.946505e+00,2.922516e+00,8.690967e+00,-1.257362e-01,-1.050298e-01,2.436652e-02,1.656339e-01
5.241143e+00,1.181069e+00,9.507726e+00,-4.264867e-01,4.240314e-02,5.160111e-01,6.707879e-01
3.953801e+00,1.877586e+00,7.860885e+00,-3.440384e-01,5.172187e-02,2.673212e-01,4.387461e-01
5.699050e+00,1.586435e+00,8.577352e+00,4.470236e-03,9.602967e-02,-3.392336e-01,3.525920e-01
5.128518e+00,3.261928e+00,7.677843e+00,-5.295985e-02,-4.580830e-01,-1.709160e-01,4.917897e-01
6.901807e+00,2.848093e+00,8.417271e+00,-4.259368e-02,-2.263886e-01,4.071804e-01,4.678268e-01
6.431330e+00,2.069137e+00,9.215439e+00,1.377506e-01,-2.275514e-01,1.991368e-01,3.322805e-01
6.496909e+00,7.687997e-01,7.056821e+00,6.948934e-02,4.000511e-01,-3.450414e-01,5.328445e-01
8.165586e+00,1.561836e+00,7.142752e+00,-2.676161e-02,-9.090235e-04,-2.147985e-01,2.164611e-01
7.555218e+00,2.073373e+00,8.978701e+00,-4.082068e-02,-7.913205e-02,-2.703628e-01,2.846476e-01
6.773460e+00,1.819189e+00,8.196792e+00,-1.320603e-02,1.207711e-01,-1.813073e-01,2.182485e-01
7.379462e+00,9.453989e-01,7.679443e+00,1.839127e-01,-2.214768e-01,4.051129e-01,4.969832e-01
8.091060e+00,1.669256e-01,7.414454e+00,-1.655031e-01,4.007055e-01,5.777876e-01,7.223536e-01
8.168364e+00,3.493201e-01,8.466509e+00,3.888522e-01,-8.409760e-03,-9.747971e-03,3.890653e-01
8.995063e+00,7.014314e-01,7.677233e+00,8.145093e-02,1.157746e-01,1.979672e-01,2.433702e-01
7.010075e-01,2.564031e+00,6.694219e+00,-5.297709e-02,6.156831e-02,-3.236482e-01,3.336845e-01
5.314532e+00,3.524605e+00,9.571721e+00,-7.794883e-02,-5.763565e-01,-1.482844e-01,6.002092e-01
9.787024e+00,2.134165e+00,6.182710e+00,-1.070553e-01,-2.931673e-01,-2.019202e-01,3.717253e-01
4.925080e-04,2.190657e+00,7.575451e+00,3.191285e-02,2.210331e-01,-2.741457e-01,3.535957e-01
4.069771e+00,3.111267e+00,7.999039e+00,-8.350168e-02,2.923901e-02,2.317486e-01,2.480622e-01
3.645901e+00,3.484285e+00,7.093098e+00,-2.959627e-01,1.317654e-01,-2.523330e-01,4.106433e-01
4.394129e+00,4.146575e+00,7.876838e+00,-1.395238e-01,-5.873144e-02,2.085493e-01,2.576996e-01
3.293739e+00,4.415950e+00,9.128089e+00,1.863799e-02,-3.505434e-01,-3.225381e-01,4.767168e-01
4.431368e+00,2.689185e+00,7.116127e+00,2.472796e-01,2.344708e-01,-2.174163e-01,4.042198e-01
7.867457e+00,3.793840e+00,6.588884e+00,9.434928e-02,4.780930e-01,-9.506829e-02,4.965004e-01
5.864153e+00,2.575851e+00,8.151133e+00,7.790198e-01,2.888462e-01,-5.437058e-01,9.929350e-01
5.433335e+00,4.312329e+00,7.573032e+00,2.545981e-01,2.872753e-01,-2.770176e-01,4.733773e-01
6.638444e+00,2.580750e+00,7.364276e+00,3.144248e-01,-1.143974e-01,-2.944437e-01,4.456981e-01
6.818451e+00,3.467346e+00,6.644225e+00,-6.768990e-02,-2.492922e-01,3.337865e-02,2.604662e-01
7.045157e+00,1.670720e+00,6.929190e+00,-1.063389e-01,-1.549255e-03,4.223711e-01,4.355545e-01
6.206294e+00,3.570375e+00,7.956192e+00,-4.632895e-01,-2.535773e-01,1.608361e-01,5.520932e-01
8.925334e+00,3.415331e+00,6.174574e+00,-3.780027e-01,-9.004659e-03,6.424820e-02,3.835296e-01
8.313090e+00,2.871909e+00,4.724956e+00,-1.648047e-01,-5.312592e-01,7.831491e-02,5.617207e-01
9.590933e+00,2.979326e+00,6.884113e+00,5.260063e-01,-2.207121e-01,9.109701e-02,5.776635e-01
7.665124e+00,2.302920e+00,7.817604e+00,7.597578e-01,-1.501234e-01,1.930163e-01,7.981380e-01
9.816929e+00,3.985516e+00,6.509201e+00,2.363603e-01,-3.782754e-01,-3.002872e-01,5.377089e-01
2.851147e+00,4.377757e+00,1.805732e-01,3.948231e-01,9.726050e-03,2.909307e-01,4.905309e-01
2.335314e+00,3.953860e+00,1.051448e+00,3.706726e-01,3.840793e-01,-4.502069e-02,5.356696e-01
9.526705e+00,4.900718e+00,1.785628e+00,-2.399655e-01,2.079147e-01,-2.855361e-01,4.270161e-01
4.032236e+00,5.202761e+00,1.089441e+00,7.761047e-02,6.190287e-01,1.635693e-01,6.449611e-01
4.066050e+00,4.979038e+00,8.580889e+00,4.767028e-02,4.944695e-01,-1.700216e-01,5.250522e-01
4.784767e+00,4.017862e+00,1.190470e+00,-1.932040e-01,5.078579e-02,1.693775e-01,2.619078e-01
3.034589e+00,4.777192e+00,1.415260e+00,-1.908998e-02,-4.947665e-01,-1.878787e-01,5.295817e-01
4.603452e+00,4.958063e+00,7.168770e+00,-4.669680e-01,-2.345752e-01,2.388372e-01,5.745675e-01
5.867343e+00,4.397477e+00,9.310922e+00,-1.013055e-01,1.232895e-01,-5.793511e-01,6.009249e-01
5.289477e+00,3.960514e+00,8.528603e+00,5.991675e-01,3.224760e-01,-2.418069e-01,7.221240e-01
5.584179e+00,4.092045e+00,4.485328e-01,-3.436487e-01,-2.958500e-01,-2.144831e-01,5.016220e-01
7.401780e+00,3.377274e+00,7.546257e+00,-1.977859e-01,1.155526e-01,2.283033e-01,3.234100e-01
7.789283e+00,5.119331e+00,9.344633e+00,2.856132e-01,3.772904e-01,-2.420950e-01,5.315383e-01
8.472901e+00,4.073506e+00,1.926911e-01,2.499095e-02,-2.673655e-01,-3.360370e-01,4.301508e-01
7.568488e+00,4.040440e+00,9.560709e+00,4.140375e-01,2.478059e-01,-3.010168e-01,5.687231e-01
8.252807e+00,3.985868e+00,5.559900e+00,-3.548854e-01,-2.501696e-01,-5.014365e-01,6.633001e-01
8.719179e+00,6.314907e+00,9.994953e+00,8.646613e-02,-6.872463e-01,3.761654e-01,7.882159e-01
9.426852e+00,4.147087e+00,8.270186e-01,1.672331e-01,2.588765e-01,9.487342e-02,3.224669e-01
8.650837e+00,5.200421e+00,4.354166e-02,1.094659e-01,-7.728862e-01,8.107195e-02,7.847984e-01
8.188664e+00,6.306590e+00,8.177482e+00,1.018539e-01,-6.267763e-01,3.862063e-01,7.432214e-01
8.976879e+00,7.429466e+00,6.979513e+00,-5.205850e-01,-2.764257e-01,-1.273228e-01,6.030183e-01
3.656878e-01,4.294370e+00,1.459630e+00,-1.092879e-01,3.271848e-02,3.051121e-01,3.257418e-01
7.032910e+00,7.467488e+00,7.307017e+00,-5.150891e-02,5.996885e-01,-3.402448e-01,6.914087e-01
8.758640e+00,6.820837e+00,8.941055e+00,-1.222518e-01,-2.190322e-02,-2.008566e-01,2.361538e-01
4.970488e+00,4.978593e+00,1.598284e+00,-2.168571e-02,4.470028e-01,-1.275127e-01,4.653399e-01
4.065259e+00,5.902284e+00,2.403225e-01,-1.757395e-01,1.752027e-01,3.420007e-01,4.225457e-01
3.070838e+00,5.495850e+00,5.374298e-01,5.035627e-01,-1.276128e-01,3.972612e-01,6.539701e-01
4.796054e+00,4.614558e+00,9.330184e+00,6.522191e-02,7.036854e-02,3.835115e-01,3.953311e-01
6.026077e+00,5.705713e+00,8.157369e+00,1.316265e-03,3.603745e-01,4.549572e-02,3.632374e-01
5.903250e+00,5.442119e+00,9.203503e+00,-3.109685e-01,1.230508e-01,-6.611679e-02,3.409022e-01
3.938141e+00,4.821958e+00,9.915097e+00,-2.873822e-01,-2.556564e-01,-4.194687e-01,5.691245e-01
6.760975e+00,3.920996e+00,8.898571e+00,-2.393702e-01,1.604248e-01,3.773522e-01,4.747935e-01
8.125154e+00,6.153053e+00,6.152308e+00,1.081061e-01,7.593628e-01,-1.119509e-01,7.751463e-01
7.149111e+00,6.129894e+00,8.534959e+00,3.941625e-01,-6.181062e-01,-1.835910e-04,7.330889e-01
6.404639e+00,6.705314e+00,7.869713e+00,1.346410e-01,-1.854847e-01,-1.086501e-01,2.536487e-01
7.884577e+00,6.279214e+00,9.260045e+00,-2.456978e-01,-1.872718e-02,-4.993120e-01,5.568039e-01
8.109084e+00,6.840961e+00,7.201688e+00,-2.937105e-01,8.333737e-02,-2.047110e-01,3.675834e-01
8.728054e+00,5.651343e+00,8.992509e+00,9.847321e-02,5.437863e-01,-2.534452e-01,6.079761e-01
8.285557e+00,5.691690e+00,7.187051e+00,-2.684498e-01,-2.439389e-01,3.339507e-01,4.930462e-01
8.051503e+00,7.979892e+00,7.121175e+00,4.083909e-01,2.910053e-01,-1.712406e-01,5.298968e-01
9.926687e+00,7.983746e+00,6.684221e+00,3.061796e-01,1.150034e-01,7.659603e-02,3.359147e-01
9.496278e+00,7.940712e+00,7.758858e+00,3.182756e-01,1.542251e-01,2.653142e-01,4.421271e-01
8.941065e+00,9.592696e+00,7.757962e+00,-5.326111e-01,7.222445e-01,1.842820e-01,9.161177e-01
8.555540e-01,7.766844e+00,6.113238e+00,3.111559e-01,5.280966e-02,-1.274039e-01,3.403508e-01
4.619463e+00,1.511063e+00,8.690807e+00,-6.015251e-01,-9.239743e-02,2.508251e-01,6.582423e-01
7.050576e+00,2.983181e+00,9.550816e+00,-6.306824e-01,1.550412e-01,6.124506e-02,6.523412e-01
7.833287e-01,8.691225e+00,6.779816e+00,6.587428e-01,7.551592e-01,6.943467e-01,1.219149e+00
6.074091e+00,7.557228e+00,9.403527e+00,-9.896902e-02,-3.477239e-01,-3.456586e-01,5.001867e-01
6.291188e+00,9.662129e-01,9.259011e+00,1.564288e-01,-2.107904e-01,1.290060e-01,2.924810e-01
6.876040e+00,8.962117e+00,8.399013e+00,-7.281470e-02,2.363521e-02,-6.325099e-01,6.371259e-01
5.384588e+00,5.285864e-01,8.636791e+00,1.235298e-01,3.863557e-01,2.517147e-01,4.773789e-01
6.151107e+00,6.503053e+00,8.947506e+00,4.658497e-01,4.104708e-01,-1.412898e-01,6.367613e-01
7.072374e+00,9.840671e+00,7.004478e+00,5.634239e-01,8.186659e-02,4.936453e-02,5.714766e-01
6.819106e+00,6.563468e+00,3.899065e-01,-2.708166e-01,-3.802623e-02,-4.675810e-01,5.416822e-01
7.115828e+00,4.022925e-02,8.131093e+00,3.530473e-01,8.218930e-02,2.200336e-01,4.240428e-01
7.059579e+00,8.725381e+00,7.252758e+00,-2.985334e-01,-8.686584e-02,1.352601e-01,3.390621e-01
8.064380e+00,9.055554e+00,7.072438e+00,-6.147680e-02,5.187238e-01,6.242494e-02,5.260709e-01
8.458377e+00,7.478833e+00,8.017769e+00,-2.907859e-01,-1.485266e-01,-9.100930e-02,3.389679e-01
7.882782e+00,9.316148e+00,8.111154e+00,1.374740e-01,-2.714536e-01,2.242549e-01,3.779900e-01
